ISIN,NAME,Country_Code,2008,2009,2010,2011,2012,2013,2014,2015,2016,2017,2018,2019,2020
AT00000VIE62,FLUGHAFEN WIEN,AT,20.6,19.41,22.71,35.97,37.49,36.83,36.16,41.09,40.27,54.13,47.44,44.88,42.69
AT0000652011,ERSTE GROUP BANK,AT,36.47,36.4,34.92,34.34,35.21,36.36,47.22,48.56,47.44,83.09,80.42,82.81,79.64
AT0000743059,OMV,AT,90.18,83.4,88.1,76.81,80.92,83.16,83.34,86.89,86.48,82.98,82.7,82.43,83.21
AT0000746409,VERBUND,AT,54.34,50.77,52.06,53.31,42.43,44.61,42.82,50.22,55.42,53.9,51.97,64.04,62.25
AT0000831706,WIENERBERGER,AT,19.92,22.91,30.29,32.29,36.42,28.24,37.79,52.64,40.23,41.11,43.32,44.13,53.72
AT0000908504,VIENNA INSURANCE GROUP A,AT,42.1,45.72,40.24,25.72,38.6,39.12,40.28,41.64,61.27,61.06,61.94,59.31,61.48
AT0000937503,VOESTALPINE,AT,17.37,31.68,35.65,40.85,36.68,40.37,47.55,48.13,71.26,65.79,62.63,59.43,74.13
AT0000938204,MAYR-MELNHOF KARTON,AT,30.05,29.31,25.45,35.71,37.88,38.38,33.74,41.62,35.86,43.92,47.36,50.82,52.68
AT0000A21KS2,IMMOFINANZ,AT,15.31,13.2,29.4,31.31,26.64,26.25,30.17,31.4,27.37,59.93,66.88,61.88,70.75
BE0003470755,SOLVAY,BE,45.71,41.66,48.97,64.12,65.06,63.38,75.4,84.96,82.93,75.38,72.95,70.28,75.72
BE0003565737,KBC GROUP,BE,91.36,87.54,90.57,89.52,88.87,89.32,58.64,77.47,74.49,74.93,79.12,79.86,75.21
BE0003593044,COFINIMMO,BE,61.17,63.45,66.38,63.42,60.77,56.24,60.6,60.38,59.49,58.87,62.41,70.85,68.5
BE0003717312,SOFINA,BE,3.25,4.11,7.77,7.9,8.43,5.08,14.15,10.43,16.5,22.12,17.06,38.38,40.85
BE0003735496,ORANGE BELGIUM,BE,33.77,22.72,40.02,34.28,31.48,36.05,26.89,32.21,23.25,26.27,46.24,49.97,45.0
BE0003739530,UCB,BE,15.54,23.77,27.6,32.84,38.86,38.2,48.12,63.09,61.19,85.54,85.36,89.9,91.9
BE0003755692,AGFA-GEVAERT,BE,63.45,65.84,63.82,58.89,69.63,72.29,72.21,81.75,86.19,81.99,81.26,79.23,79.23
BE0003797140,GBL NEW,BE,14.04,8.39,8.49,7.04,5.97,15.67,13.58,13.41,17.01,20.28,42.49,48.04,83.03
BE0974256852,COLRUYT GROUP,BE,51.05,43.64,51.2,42.03,39.8,45.74,48.44,55.82,51.68,52.22,52.42,52.45,59.19
BE0974258874,BEKAERT (D),BE,40.57,49.54,45.7,45.67,35.39,35.34,41.61,68.03,68.65,69.38,70.04,66.9,69.09
BE0974264930,AGEAS (EX-FORTIS),BE,29.95,20.71,24.27,20.27,16.45,14.25,14.95,39.42,33.31,25.75,34.9,38.18,39.83
BE0974320526,UMICORE,BE,50.38,63.4,58.78,73.88,73.19,62.01,56.64,60.48,70.31,70.64,73.98,72.11,72.27
CH0000816824,OC OERLIKON CORPORATION,CH,21.9,21.23,53.11,54.81,57.39,51.07,59.94,54.09,55.53,57.18,54.35,54.43,52.15
CH0008742519,SWISSCOM 'R',CH,71.08,58.31,58.99,65.77,61.68,69.07,70.95,78.54,61.85,63.81,67.79,65.15,72.89
CH0010570759,CHOCOLADEFABRIKEN LINDT & SPRUENGLI,CH,10.94,9.64,47.98,53.71,60.88,65.27,59.94,67.33,70.33,72.85,69.46,79.92,80.7
CH0011075394,ZURICH INSURANCE GROUP,CH,43.78,49.6,46.17,45.85,49.09,52.9,56.65,59.59,79.4,82.44,85.42,91.93,91.07
CH0012005267,NOVARTIS 'R',CH,89.95,87.7,90.4,87.91,86.52,89.4,90.25,89.88,89.47,91.45,91.48,93.14,93.15
CH0012032048,ROCHE HOLDING,CH,82.39,79.03,79.69,77.43,86.47,89.27,96.22,96.41,97.01,97.35,97.26,97.68,97.52
CH0012138530,CREDIT SUISSE GROUP DEAD - DELIST.14/06/23,CH,79.6,84.57,86.3,87.31,85.22,77.14,76.13,80.46,78.1,74.3,72.42,83.45,80.19
CH0012138605,ADECCO GROUP,CH,57.01,58.31,68.07,57.0,66.04,62.66,60.32,73.16,73.07,65.76,59.22,75.33,73.51
CH0012142631,CLARIANT,CH,63.24,50.59,64.66,61.36,75.54,70.91,74.06,75.98,86.7,87.53,86.83,86.27,88.62
CH0012214059,HOLCIM,CH,57.75,57.68,52.76,55.88,50.41,59.8,77.97,77.58,68.47,72.86,72.9,68.08,69.53
CH0012221716,ABB LTD N,CH,83.05,89.46,87.79,91.52,91.01,88.57,87.24,84.29,92.29,94.48,94.97,94.19,93.61
CH0012255151,THE SWATCH GROUP,CH,27.92,21.44,17.79,17.72,20.92,12.4,21.68,27.25,25.74,36.38,35.59,35.99,33.01
CH0012268360,KUDELSKI 'B',CH,4.02,3.63,5.12,2.07,3.81,5.86,5.75,6.61,19.81,20.17,17.9,21.01,21.32
CH0012410517,BALOISE HOLDING,CH,45.18,44.85,52.07,52.16,51.01,48.92,42.42,44.57,37.69,35.91,33.95,34.93,31.36
CH0012549785,SONOVA N,CH,34.18,51.76,48.09,50.9,41.18,48.98,65.88,70.2,69.65,86.22,86.96,91.57,91.57
CH0013841017,LONZA GROUP,CH,64.43,70.73,71.4,66.28,62.5,64.76,80.37,86.44,89.97,94.48,93.2,93.21,92.8
CH0014786500,VALIANT 'R',CH,14.74,32.77,40.82,37.16,38.02,37.56,45.35,44.29,47.59,46.35,42.06,39.64,40.81
CH0014852781,SWISS LIFE HOLDING,CH,58.09,52.81,62.3,48.7,54.27,62.26,51.61,59.63,62.13,62.81,71.2,68.18,64.97
CH0024638212,SCHINDLER 'R',CH,39.38,45.66,47.15,43.09,41.1,39.04,39.05,50.16,38.92,46.61,50.65,52.42,53.11
CH0025238863,KUEHNE UND NAGEL INTERNATIONAL,CH,26.45,52.0,53.35,55.16,56.02,44.56,52.0,57.67,55.62,67.27,69.2,74.19,71.29
CH0025751329,LOGITECH 'R',CH,14.1,11.54,17.72,20.74,15.37,16.62,14.52,22.01,66.91,70.87,68.13,72.53,71.75
CH0030170408,GEBERIT 'R',CH,84.16,86.93,85.47,88.44,93.2,92.32,86.45,89.32,81.72,90.54,93.75,93.1,95.25
CH0038388911,SULZER 'R',CH,57.02,77.08,81.15,87.2,80.82,85.71,84.63,75.39,53.97,48.38,36.95,60.25,57.52
CH0038863350,NESTLE 'N',CH,89.34,94.3,95.32,96.48,97.49,97.04,96.0,97.55,97.11,97.22,96.32,96.53,97.12
CH0044328745,CHUBB,CH,42.17,39.75,48.64,43.54,35.94,31.71,30.42,35.17,45.94,43.18,42.28,43.04,35.86
CH0048265513,TRANSOCEAN,CH,30.14,31.31,28.46,44.7,43.11,37.05,42.07,27.87,70.34,61.38,67.72,59.41,49.95
CH0126881561,SWISS RE,CH,68.64,65.86,65.5,71.44,70.21,73.48,81.97,72.12,73.76,64.79,62.18,74.52,76.09
CH0210483332,RICHEMONT N,CH,67.51,67.7,69.6,69.33,70.85,76.38,79.84,71.89,68.92,68.04,66.28,67.08,65.33
CH0244767585,UBS GROUP,CH,80.22,76.87,79.49,84.51,85.02,84.56,84.23,87.1,86.26,85.31,85.14,84.61,84.73
CH0418792922,SIKA,CH,29.56,22.63,28.92,24.97,17.33,21.46,32.65,49.88,50.68,58.85,54.27,76.14,72.41
CH1169151003,GEORG FISCHER,CH,78.07,85.79,86.65,84.66,82.76,86.71,82.31,87.42,86.55,88.92,87.79,87.06,86.91
CH1175448666,STRAUMANN HLDG.,CH,46.85,50.01,67.81,59.0,62.56,59.32,75.38,79.6,77.98,74.5,78.18,74.45,80.78
CH1256740924,SGS 'N',CH,55.4,77.42,85.07,90.78,84.06,90.0,92.61,91.07,90.83,96.41,93.33,91.8,91.31
DE0005089031,UNITED INTERNET,DE,17.92,14.85,13.35,14.17,13.39,14.02,14.52,15.12,14.01,30.67,28.5,42.99,38.77
DE0005140008,DEUTSCHE BANK,DE,75.36,89.65,89.37,84.98,89.67,86.18,88.09,86.81,85.92,83.33,82.54,86.31,86.85
DE0005190003,BMW,DE,87.65,88.28,82.84,83.39,78.08,84.78,83.89,82.74,83.48,84.48,82.21,85.87,84.19
DE0005200000,BEIERSDORF,DE,59.26,61.02,59.83,63.14,56.64,45.96,47.39,54.5,60.1,64.28,61.84,57.84,60.06
DE0005439004,CONTINENTAL,DE,44.01,50.5,52.27,85.47,88.77,87.87,84.51,81.36,85.93,88.0,80.3,81.76,80.54
DE0005557508,DEUTSCHE TELEKOM,DE,89.19,89.17,84.67,72.62,74.95,74.41,68.99,85.27,85.77,86.49,90.05,92.51,94.33
DE0005785604,FRESENIUS,DE,37.76,58.82,58.36,56.04,49.77,47.42,50.26,55.77,54.16,77.61,87.84,77.62,86.22
DE0005785802,FRESENIUS MED.CARE,DE,71.35,69.86,65.1,69.78,60.98,57.74,59.2,64.74,75.05,71.17,80.62,77.84,84.83
DE0005909006,BILFINGER BERGER,DE,19.79,18.8,33.97,29.42,50.54,45.9,58.59,76.57,53.54,84.21,80.36,74.06,73.86
DE0006047004,HEIDELBERG MATERIALS,DE,47.33,48.81,61.11,49.09,75.45,67.08,75.97,76.86,79.53,74.32,72.57,73.05,78.59
DE0006048432,HENKEL PREFERENCE,DE,74.69,75.84,95.68,92.76,92.27,94.37,93.6,92.72,93.08,90.82,89.12,88.7,92.84
DE0006070006,HOCHTIEF,DE,82.29,79.6,88.04,83.05,80.86,80.8,93.49,95.49,94.75,96.12,93.61,93.46,93.12
DE0006202005,SALZGITTER,DE,17.84,27.83,27.86,26.59,21.35,18.88,21.01,16.63,16.54,48.88,44.88,51.59,54.99
DE0006569908,MLP,DE,46.26,43.78,47.19,34.1,32.84,35.69,30.11,33.95,26.99,45.21,42.15,47.57,60.27
DE0006599905,MERCK KGAA,DE,85.0,80.78,68.47,64.36,76.19,78.52,82.97,96.74,96.1,96.27,96.85,97.45,96.45
DE0006602006,GEA GROUP,DE,14.7,22.6,23.23,23.87,21.74,18.55,16.35,28.18,32.87,69.25,71.34,68.57,70.34
DE0006969603,PUMA,DE,73.93,60.7,73.66,71.14,78.5,76.12,83.92,87.35,84.65,86.42,83.14,83.18,81.32
DE0007030009,RHEINMETALL,DE,27.04,23.65,30.01,26.32,33.33,39.56,39.31,52.22,45.76,45.62,41.44,73.06,85.82
DE0007037129,RWE,DE,77.09,74.89,81.39,68.17,55.72,60.85,59.67,65.49,63.81,71.28,66.28,68.13,60.18
DE0007042301,RHOEN-KLINIKUM,DE,43.32,43.46,38.13,43.33,45.23,43.28,32.33,37.62,42.49,42.33,48.97,46.35,46.09
DE0007100000,MERCEDES-BENZ GROUP N,DE,93.51,90.91,93.61,96.54,97.87,97.99,96.52,96.27,95.95,95.43,95.52,89.83,89.31
DE0007164600,SAP,DE,85.51,74.92,83.74,96.6,97.07,97.1,95.99,94.69,98.2,96.14,95.92,95.1,96.22
DE0007236101,SIEMENS,DE,86.67,82.55,86.78,87.14,79.16,78.99,78.14,82.38,79.7,78.15,79.95,79.59,81.36
DE0007257503,CECONOMY,DE,82.22,83.95,82.93,83.91,81.55,77.52,71.22,80.56,89.21,88.79,55.67,54.77,64.54
DE0007297004,SUEDZUCKER,DE,15.63,19.09,16.04,25.78,23.32,32.22,50.75,45.24,67.43,57.01,60.6,71.28,72.44
DE0007314007,HEIDELB.DRUCKMASCHINEN,DE,22.74,45.44,39.54,42.03,24.67,22.75,27.54,31.04,28.72,38.51,48.29,53.15,52.15
DE0007500001,THYSSENKRUPP,DE,32.54,48.15,53.24,64.89,72.06,67.21,65.59,74.99,75.74,71.73,67.85,76.9,74.39
DE0007664039,VOLKSWAGEN PREF.,DE,60.08,53.36,78.89,85.57,87.64,82.56,84.66,82.11,84.36,92.4,91.28,95.14,92.26
DE0008232125,DEUTSCHE LUFTHANSA,DE,62.36,59.72,63.64,77.17,79.27,78.81,79.68,80.07,82.23,83.32,83.48,82.12,79.57
DE0008402215,HANNOVER RUECK,DE,68.91,58.64,57.46,53.94,64.83,74.27,83.37,87.52,73.59,73.38,71.27,71.06,70.73
DE0008404005,ALLIANZ,DE,77.41,83.93,80.94,81.84,81.04,87.71,85.76,85.52,84.97,81.62,93.69,92.73,92.69
DE0008430026,MUENCHENER RUCK.,DE,55.59,66.54,75.03,80.97,78.29,72.91,79.63,80.85,81.03,84.12,77.52,82.86,88.34
DE000A1EWWW0,ADIDAS,DE,80.85,85.54,87.47,94.05,93.7,94.74,90.45,97.96,95.82,94.15,93.31,92.73,93.52
DE000BASF111,BASF,DE,69.46,86.17,89.74,87.44,90.46,89.45,91.82,83.99,80.25,79.9,92.18,93.01,93.15
DE000BAY0017,BAYER,DE,90.28,88.23,91.76,90.83,90.63,92.16,95.21,94.34,96.31,97.22,96.67,97.19,96.94
DE000CBK1001,COMMERZBANK,DE,61.09,60.77,62.77,65.0,74.51,73.41,76.72,68.53,74.07,74.03,71.95,70.07,74.01
DE000CLS1001,MCKESSON EUROPE DEAD - DELIST.15/06/23,DE,26.03,33.64,39.52,46.24,39.75,39.91,51.16,48.42,47.23,49.76,52.34,55.32,59.04
DE000ENAG999,E ON N,DE,72.11,71.23,74.38,81.88,71.23,75.99,74.42,76.22,79.0,71.12,82.88,83.03,80.27
DE000KSAG888,K + S,DE,59.75,48.34,54.94,53.91,52.88,61.24,60.47,43.9,46.49,64.6,74.04,76.03,75.98
DE000PSM7770,PROSIEBENSAT 1 MEDIA,DE,45.03,42.46,43.83,48.66,45.64,47.47,54.59,61.96,61.34,61.84,70.04,67.66,66.86
DE000TUAG505,TUI N,DE,58.06,57.8,60.32,57.9,65.39,64.05,74.25,68.69,77.22,76.66,80.61,82.39,80.63
DK0010181759,CARLSBERG B,DK,42.13,58.94,63.36,77.23,73.14,72.63,75.96,72.74,70.5,74.67,70.94,80.67,83.01
DK0010219153,ROCKWOOL B,DK,25.75,53.38,51.72,44.8,53.97,54.55,57.28,67.07,68.16,70.56,75.38,75.67,68.7
DK0010234467,FLSMIDTH AND CO.,DK,32.1,27.78,52.12,50.23,55.07,68.66,77.32,71.84,66.77,60.23,65.92,59.51,55.26
DK0010244508,A P MOLLER MAERSK B,DK,36.18,54.02,53.32,63.6,64.48,51.42,50.89,68.36,61.83,63.53,55.3,59.22,58.6
DK0010272632,GN STORE NORD,DK,21.96,33.92,35.27,54.43,49.73,49.88,53.2,53.15,72.98,64.55,61.72,68.65,72.66
DK0010274414,DANSKE BANK,DK,56.22,64.2,63.65,69.97,65.39,66.16,62.35,60.75,62.62,66.43,65.75,61.77,64.14
DK0010287663,NKT,DK,34.41,53.76,24.9,21.84,35.01,41.09,36.7,27.86,24.28,29.75,66.66,65.01,74.72
DK0010307958,JYSKE BANK,DK,7.19,7.57,13.34,15.52,16.1,20.15,30.13,35.16,40.56,42.09,40.04,40.6,37.14
DK0010311471,SYDBANK,DK,10.73,14.4,13.73,6.09,9.35,10.81,14.54,15.64,29.33,37.61,35.03,30.98,49.26
DK0060079531,DSV,DK,5.8,2.37,29.71,46.56,45.77,49.07,65.39,71.03,70.1,70.84,67.43,72.53,68.52
DK0060448595,COLOPLAST B,DK,59.62,71.7,69.68,65.5,74.57,73.64,83.15,94.71,93.98,85.19,84.9,81.93,83.33
DK0060477503,TOPDANMARK,DK,40.16,39.9,37.46,39.61,38.9,39.79,41.86,44.83,45.11,50.25,48.91,48.95,51.29
DK0060738599,DEMANT,DK,1.58,4.08,19.45,15.05,42.35,40.16,53.33,59.01,66.39,69.12,67.79,66.36,66.88
DK0061539921,VESTAS WINDSYSTEMS,DK,44.26,64.02,63.9,70.67,54.7,58.5,57.26,53.7,65.89,83.02,81.3,80.2,82.24
ES0112501012,EBRO FOODS,ES,41.8,51.53,50.18,49.43,48.62,49.1,78.45,81.22,78.65,75.69,76.32,78.53,82.97
ES0113211835,BBV.ARGENTARIA,ES,89.09,89.16,84.53,82.45,81.1,80.63,84.92,90.87,87.26,89.86,85.54,81.2,80.59
ES0113679I37,BANKINTER 'R',ES,82.05,79.44,73.02,67.72,64.74,66.91,59.78,59.54,64.11,65.71,64.54,69.27,73.75
ES0113900J37,BANCO SANTANDER,ES,81.2,83.87,84.37,81.66,77.6,80.9,84.26,84.92,89.68,91.73,89.66,92.75,93.03
ES0116870314,NATURGY ENERGY,ES,90.73,86.57,93.33,90.44,91.44,92.96,90.01,93.22,91.4,96.47,96.5,96.02,92.98
ES0117160111,CORPORACION FINCA.ALBA,ES,6.12,8.64,4.45,7.5,4.18,5.12,3.3,4.62,17.82,22.47,18.07,64.37,67.61
ES0118594417,INDRA SISTEMAS,ES,68.56,89.05,84.32,72.36,74.85,75.54,86.99,91.09,87.55,88.99,86.3,85.25,82.47
ES0122060314,FOMENTO CONSTR.Y CNTR.,ES,87.82,86.43,86.57,91.31,88.08,88.45,84.35,85.91,88.03,85.76,84.42,92.33,91.04
ES0124244E34,MAPFRE,ES,72.42,76.4,65.83,75.25,84.16,82.19,85.89,88.31,88.55,93.14,92.81,91.36,90.55
ES0125220311,ACCIONA,ES,85.77,88.83,92.46,92.92,88.15,85.47,88.06,86.01,92.97,92.43,94.91,98.08,97.97
ES0130670112,ENDESA,ES,87.39,91.49,89.35,89.15,82.69,88.04,89.89,90.57,93.32,91.5,89.86,89.77,90.87
ES0132105018,ACERINOX 'R',ES,24.91,31.51,32.45,55.31,67.72,61.71,46.69,47.94,69.38,64.87,75.19,76.68,77.6
ES0134950F36,FAES FARMA,ES,1.57,2.55,3.5,2.14,1.76,0.43,2.04,0.9,1.55,44.37,39.24,41.75,64.6
ES0144580Y14,IBERDROLA,ES,84.39,88.22,86.67,86.02,79.76,83.05,88.9,89.98,90.72,92.3,90.04,91.99,91.18
ES0161560018,NH HOTEL GR,ES,76.66,78.31,86.48,85.51,88.44,86.3,81.97,84.45,93.01,91.0,93.57,94.44,94.58
ES0167050915,ACS ACTIV.CONSTR.Y SERV.,ES,83.54,80.79,84.59,83.58,74.81,77.99,85.52,87.2,84.83,87.06,88.66,88.23,93.83
ES0173093024,REDEIA CORPORACION,ES,89.74,86.06,89.97,80.83,72.18,67.28,76.57,85.73,87.71,85.7,84.55,90.67,88.51
ES0173516115,REPSOL YPF,ES,89.9,93.0,89.07,85.72,80.46,80.84,75.81,84.64,87.34,79.86,87.73,90.53,88.11
ES0178430E18,TELEFONICA,ES,92.21,94.17,90.95,90.05,88.58,93.5,93.77,96.14,97.64,93.9,94.62,94.69,94.66
ES0182870214,SACYR,ES,59.62,57.81,55.12,63.33,61.89,76.51,74.15,64.46,68.13,64.47,72.75,74.54,92.73
FI0009000202,KESKO B,FI,81.31,82.41,85.25,82.41,83.97,81.59,82.13,83.01,81.29,74.57,68.76,77.41,79.84
FI0009000277,TIETOEVRY,FI,67.6,67.69,73.39,73.05,76.37,62.39,73.78,82.27,90.15,82.18,90.53,89.56,88.32
FI0009000681,NOKIA,FI,55.38,67.34,83.3,87.33,85.55,86.81,84.41,90.01,88.16,87.19,88.21,89.65,87.05
FI0009002158,UPONOR,FI,32.61,36.5,33.07,28.42,29.74,30.22,27.57,29.46,51.54,62.17,49.53,50.38,49.86
FI0009002422,OUTOKUMPU 'A',FI,47.37,74.53,58.01,55.99,46.92,56.16,68.34,65.43,68.99,64.7,85.24,85.03,83.55
FI0009003727,WARTSILA,FI,63.04,76.92,67.74,65.11,65.01,68.72,71.27,77.69,69.67,73.95,71.02,84.99,80.86
FI0009005318,NOKIAN RENKAAT,FI,12.6,11.17,14.45,24.56,25.28,26.61,26.39,45.67,44.36,72.99,66.46,70.88,72.54
FI0009005870,KONECRANES,FI,8.26,7.45,33.58,34.08,37.32,37.51,47.95,44.37,48.31,48.05,59.81,76.63,75.51
FI0009005961,STORA ENSO R,FI,69.12,69.36,72.51,70.66,71.89,76.16,76.63,84.12,85.9,82.03,84.48,87.23,87.98
FI0009005987,UPM-KYMMENE,FI,65.31,65.86,55.08,46.18,38.82,49.18,49.11,79.63,83.3,83.11,93.05,93.53,93.68
FI0009007132,FORTUM,FI,61.74,58.03,63.05,54.56,55.46,49.95,60.49,63.99,60.21,59.25,52.98,53.04,54.72
FI0009007694,SANOMA,FI,25.81,26.79,50.0,52.31,54.44,52.98,75.8,73.17,77.14,67.72,70.37,77.78,90.21
FI0009007884,ELISA,FI,25.58,28.92,25.81,44.19,47.11,46.57,48.39,48.34,45.14,50.97,47.81,50.49,49.85
FI0009013403,KONE B,FI,39.15,36.49,37.87,63.26,59.08,60.71,57.18,65.18,81.35,72.21,77.6,78.86,85.83
FI0009800643,YIT,FI,24.35,23.89,27.94,45.03,53.93,60.66,51.17,64.41,63.38,68.41,73.33,71.48,76.11
FI4000297767,NORDEA BANK,FI,49.63,44.62,53.78,58.12,58.19,56.44,53.45,51.91,68.4,71.3,70.57,69.71,66.67
FR0000035081,ICADE REIT,FR,37.8,33.97,31.87,31.0,39.36,38.37,40.78,41.16,47.15,69.61,67.98,66.48,77.35
FR0000039109,SECHE ENVIRONNEMENT,FR,32.71,31.17,32.68,33.46,41.89,42.93,66.49,63.37,67.35,71.94,71.46,65.17,63.52
FR0000051732,ATOS,FR,46.11,54.04,47.87,60.6,60.79,65.48,80.21,81.2,85.28,85.91,86.59,84.59,87.18
FR0000052292,HERMES INTL.,FR,26.22,29.42,28.44,39.23,49.47,41.03,35.87,32.45,30.65,47.68,51.23,57.41,67.39
FR0000053225,M6-METROPOLE TV,FR,27.99,25.83,25.03,53.97,54.99,66.14,73.1,68.22,71.73,71.65,68.42,67.98,70.51
FR0000054470,UBISOFT ENTERTAINMENT CAT A,FR,21.84,20.32,11.8,9.8,14.91,17.95,29.31,37.6,57.16,59.85,59.31,57.85,64.44
FR0000054900,TF1 (TV.FSE.1),FR,69.54,73.94,73.69,77.45,76.12,71.78,83.75,79.4,85.51,86.56,86.73,88.0,90.0
FR0000064578,COVIVIO,FR,31.59,33.22,38.56,52.88,53.4,54.3,53.45,58.33,46.36,44.17,43.48,62.31,57.99
FR0000073272,SAFRAN,FR,40.37,39.29,36.37,41.07,39.84,50.42,50.04,47.54,48.61,71.17,72.39,71.82,72.26
FR0000120073,L AIR LQE.SC.ANYME. POUR L ETUDE ET L EPXTN.,FR,36.01,38.98,39.55,41.5,38.34,37.4,38.1,60.92,52.81,58.97,70.73,90.7,90.84
FR0000120172,CARREFOUR,FR,82.29,80.04,81.32,82.49,77.72,76.22,85.1,86.27,87.15,93.67,89.38,85.11,84.85
FR0000120271,TOTALENERGIES,FR,61.96,66.97,61.85,93.24,87.86,89.51,93.44,94.13,95.57,93.16,84.01,83.77,90.11
FR0000120321,L'OREAL,FR,83.85,89.34,93.07,88.65,91.62,94.2,91.29,88.61,90.39,85.99,85.59,87.44,87.31
FR0000120404,ACCOR,FR,46.88,54.34,58.83,63.24,58.2,58.25,66.01,87.67,87.23,88.45,85.37,90.74,88.15
FR0000120503,BOUYGUES,FR,79.58,84.71,89.05,88.55,84.81,91.44,88.52,90.24,91.63,92.5,93.61,92.22,90.25
FR0000120560,QUADIENT,FR,5.97,11.03,12.01,17.89,17.01,20.18,20.18,16.31,35.09,61.12,71.95,72.27,70.79
FR0000120578,SANOFI,FR,79.2,81.57,79.94,91.9,92.93,93.72,89.48,88.7,88.57,91.75,91.64,92.33,92.29
FR0000120628,AXA,FR,77.69,85.88,84.79,81.51,87.12,85.03,92.98,92.24,92.54,82.09,88.83,87.11,80.46
FR0000120644,DANONE,FR,92.59,93.92,90.3,93.66,91.97,88.77,88.54,88.48,87.58,85.03,84.99,81.39,86.0
FR0000120693,PERNOD-RICARD,FR,38.27,38.77,36.77,34.87,53.33,58.15,58.16,57.76,74.38,72.48,72.71,69.13,62.54
FR0000120859,IMERYS,FR,69.63,74.34,75.51,76.28,76.56,82.93,79.27,81.14,83.65,87.12,86.26,90.93,90.67
FR0000120966,BIC,FR,85.53,91.95,89.95,85.64,83.61,82.55,88.9,93.1,97.07,95.1,95.26,88.11,87.93
FR0000121014,LVMH,FR,56.89,47.27,57.73,76.24,74.01,69.79,77.51,77.48,78.21,73.67,73.04,83.21,81.46
FR0000121121,EURAZEO,FR,23.2,19.38,20.88,29.15,33.0,22.7,32.75,55.23,60.21,54.74,50.23,46.66,75.37
FR0000121204,WENDEL,FR,15.73,13.23,19.57,19.68,23.48,28.92,44.54,66.8,80.3,83.61,83.99,88.04,88.9
FR0000121220,SODEXO,FR,90.69,94.76,94.05,93.43,93.77,93.38,93.06,93.08,95.67,95.03,94.04,89.05,90.22
FR0000121329,THALES,FR,37.46,50.51,42.59,56.24,62.36,56.95,53.23,53.85,59.1,57.73,58.23,64.26,64.96
FR0000121485,KERING,FR,87.16,65.38,68.99,79.42,82.11,83.82,85.18,80.82,92.42,93.46,94.13,96.19,95.57
FR0000121667,ESSILORLUXOTTICA,FR,50.07,49.05,49.67,47.05,47.03,51.34,53.86,49.34,57.19,87.3,87.18,81.96,81.3
FR0000121964,KLEPIERRE REIT,FR,45.07,43.73,42.82,44.27,50.96,49.68,85.62,91.51,93.73,91.06,90.86,84.21,79.4
FR0000121972,SCHNEIDER ELECTRIC,FR,40.53,60.0,59.66,62.8,60.95,60.87,62.12,81.05,84.07,83.83,82.0,84.6,84.31
FR0000125007,SAINT GOBAIN,FR,60.73,38.7,57.06,62.2,61.13,72.25,84.45,85.55,82.79,76.15,72.07,79.85,71.87
FR0000125338,CAPGEMINI,FR,65.09,58.74,57.04,58.12,57.99,57.21,61.05,74.29,84.36,84.53,90.85,90.57,89.38
FR0000125486,VINCI,FR,62.11,71.21,57.72,53.02,40.73,35.13,38.29,38.24,73.82,72.74,73.25,65.81,69.94
FR0000125585,CASINO GUICHARD-P,FR,64.86,64.92,69.13,70.77,73.97,71.75,74.71,74.97,75.74,91.49,92.58,92.46,90.58
FR0000127771,VIVENDI,FR,58.67,74.73,83.38,77.69,82.34,84.23,84.34,89.98,91.98,92.94,91.97,90.35,91.04
FR0000130213,LAGARDERE GROUPE,FR,75.95,85.57,83.32,82.75,86.26,71.21,62.51,58.55,62.18,58.98,83.41,81.72,81.83
FR0000130403,CHRISTIAN DIOR,FR,59.46,59.34,60.16,71.36,61.79,71.15,67.81,69.94,71.81,78.08,83.58,82.52,74.84
FR0000130452,EIFFAGE,FR,52.7,48.03,54.91,50.0,55.95,55.63,55.89,73.44,82.44,82.03,81.02,82.19,81.51
FR0000130577,PUBLICIS GROUPE,FR,35.4,78.54,84.94,78.43,66.67,72.56,74.04,88.5,87.55,89.32,86.36,85.82,86.94
FR0000130809,SOCIETE GENERALE,FR,81.99,85.97,86.1,84.15,83.31,82.36,83.9,92.02,89.38,91.31,89.94,87.94,86.96
FR0000131104,BNP PARIBAS,FR,50.71,49.13,60.21,66.53,78.13,79.0,79.07,96.32,97.03,97.67,96.76,96.33,96.6
FR0000131757,ERAMET,FR,25.46,26.71,38.69,45.15,46.19,46.1,41.11,59.77,56.24,54.42,84.54,82.81,81.74
FR0000131906,RENAULT,FR,71.92,69.75,68.42,77.87,71.46,70.48,70.62,82.64,83.17,84.56,83.02,83.26,78.78
FR0000133308,ORANGE,FR,77.23,83.49,81.3,88.42,85.98,88.75,81.07,75.69,72.94,82.14,86.96,92.53,92.88
FR0010040865,GECINA,FR,59.24,57.01,58.81,81.46,71.5,74.34,85.85,91.3,90.98,90.66,93.07,92.65,87.74
FR0010220475,ALSTOM,FR,68.73,76.43,72.87,72.52,83.1,83.06,79.42,84.95,89.31,85.94,83.26,83.63,83.33
FR0010411983,SCOR SE,FR,31.49,34.81,31.72,39.36,37.71,39.51,41.1,54.18,63.5,58.23,54.19,57.93,52.32
FR0013326246,UNIBAIL RODAMCO WE STAPLED UNITS,FR,83.02,69.03,76.48,84.41,88.75,86.86,89.23,89.73,90.51,90.54,89.59,95.7,95.81
FR0013505062,VANTIVA,FR,60.43,91.12,83.62,78.18,78.57,78.39,82.57,79.06,81.24,80.25,78.14,77.78,80.55
FR0013506730,VALLOUREC,FR,30.86,31.27,47.15,39.43,55.86,52.59,43.52,57.65,46.54,74.25,74.74,80.03,80.7
FR0014003TT8,DASSAULT SYSTEMES,FR,59.7,63.68,65.95,61.41,71.34,64.23,73.5,73.89,84.07,84.66,84.16,84.5,91.85
FR001400AJ45,MICHELIN,FR,58.68,64.39,70.46,69.0,71.1,71.21,82.47,80.35,90.1,91.96,89.59,90.26,89.77
GB0000163088,SPEEDY HIRE,GB,32.3,36.76,43.32,40.93,63.61,66.04,41.82,39.64,50.78,55.42,63.31,56.87,67.41
GB0000456144,ANTOFAGASTA,GB,50.17,54.26,65.14,47.1,50.36,51.22,52.39,72.32,58.96,55.41,83.23,82.9,79.32
GB0000536739,ASHTEAD GROUP,GB,22.53,25.43,36.8,36.55,33.49,34.59,34.66,35.47,37.97,35.08,34.2,55.12,54.76
GB0000811801,BARRATT DEVELOPMENTS,GB,30.63,25.77,30.86,55.31,57.28,48.82,59.63,59.38,58.83,61.4,66.43,73.03,71.53
GB0000904986,BELLWAY,GB,7.67,14.28,19.44,19.77,42.71,45.94,46.59,40.55,37.85,51.27,55.69,58.38,59.64
GB0000961622,BALFOUR BEATTY,GB,65.59,65.99,63.12,80.23,76.75,70.05,60.65,69.84,65.48,68.7,80.66,80.39,79.21
GB0001367019,BRITISH LAND,GB,31.89,35.06,33.35,39.32,42.8,43.98,44.73,59.66,80.62,78.17,75.21,72.79,70.61
GB0001638955,WETHERSPOON (JD),GB,44.52,47.29,46.84,53.17,52.14,54.75,54.6,61.3,65.75,66.91,68.27,63.75,63.62
GB0001859296,VISTRY GROUP,GB,34.99,32.2,26.66,21.2,38.86,38.88,37.25,41.29,53.19,52.07,60.91,56.96,59.29
GB0002148343,RATHBONES GROUP,GB,42.53,42.43,41.67,40.07,39.17,40.53,39.82,50.59,49.24,51.76,53.51,57.93,57.67
GB0002374006,DIAGEO,GB,83.5,80.5,86.1,86.4,81.51,80.85,79.2,82.1,80.16,91.76,91.11,92.36,94.66
GB0002634946,BAE SYSTEMS,GB,46.65,39.12,34.36,55.97,45.63,52.83,47.42,57.65,63.32,66.63,66.63,71.34,62.96
GB0002652740,DERWENT LONDON,GB,48.92,52.43,58.06,54.19,52.52,55.26,36.74,54.39,54.1,53.5,53.12,52.19,54.8
GB0002875804,BRITISH AMERICAN TOBACCO,GB,88.54,88.12,88.87,88.42,77.83,78.77,82.27,86.88,84.43,84.47,89.93,93.27,91.46
GB0003096442,RS GROUP,GB,17.84,31.61,26.19,34.41,42.1,60.56,70.09,65.37,77.72,73.98,73.66,75.51,80.8
GB0003308607,SPECTRIS,GB,43.7,37.33,55.28,62.33,77.37,70.28,75.2,70.61,77.04,80.78,79.41,76.25,83.11
GB0003452173,FIRST GROUP,GB,69.77,78.36,67.09,72.52,70.08,67.16,60.55,63.1,63.14,66.4,73.34,71.39,68.91
GB0004052071,HALMA,GB,27.92,27.61,21.15,21.7,55.36,54.36,59.03,59.07,60.03,54.6,66.58,67.16,55.99
GB0004082847,STANDARD CHARTERED,GB,80.97,79.69,88.83,88.23,93.74,91.92,91.98,89.88,94.26,94.36,91.98,92.62,93.5
GB0004161021,HAYS,GB,38.08,39.77,32.37,20.7,23.67,27.82,28.42,39.05,35.1,36.66,36.53,38.89,38.09
GB0004170089,HEADLAM GROUP,GB,18.15,13.84,14.05,9.83,12.35,13.47,17.19,24.38,20.04,40.18,36.01,48.53,44.2
GB0004478896,HUNTING,GB,10.01,6.45,6.95,20.68,20.16,23.16,26.01,44.08,43.86,65.82,60.83,57.44,51.2
GB0004544929,IMPERIAL BRANDS,GB,63.75,76.81,85.19,80.16,79.57,85.29,83.87,85.97,81.04,76.37,72.0,71.74,68.89
GB0004657408,MITIE GROUP,GB,56.27,58.81,57.13,65.62,70.37,72.35,75.42,67.9,69.12,77.35,78.53,88.96,87.03
GB0004726096,SPIRENT COMMUNICATIONS,GB,42.74,41.39,36.55,28.69,28.13,36.38,46.78,59.03,59.52,62.6,53.84,55.62,50.31
GB0004866223,KELLER,GB,18.92,16.71,19.07,18.46,23.46,25.78,31.29,30.76,30.01,30.48,26.93,31.61,44.09
GB0004915632,KIER GROUP,GB,51.67,54.88,67.1,65.96,64.45,62.69,71.23,57.49,51.19,60.78,57.8,66.16,61.3
GB0005405286,HSBC HOLDINGS,GB,65.72,61.99,57.3,51.68,45.73,58.78,57.2,61.14,65.51,72.41,79.99,78.78,72.07
GB0005576813,HOWDEN JOINERY GP.,GB,22.13,17.24,18.64,21.71,17.62,21.66,20.77,31.37,21.07,31.45,34.48,40.4,41.06
GB0005603997,LEGAL & GENERAL,GB,77.87,74.5,78.24,75.08,76.23,68.06,68.63,74.47,73.45,65.31,74.71,65.34,64.91
GB0006027295,MORGAN ADVANCED MRA.,GB,48.19,47.02,59.15,66.8,61.0,56.39,48.38,52.1,73.95,74.94,71.39,68.12,68.9
GB0006215205,MOBICO GROUP,GB,44.97,43.25,50.25,53.0,67.64,71.33,65.08,54.39,55.34,52.14,46.95,50.25,53.25
GB0006731235,ASSOCIATED BRIT.FOODS,GB,40.86,37.26,67.86,65.63,61.94,73.83,70.28,72.47,70.34,72.67,71.53,75.85,76.35
GB0006776081,PEARSON,GB,52.82,53.12,53.36,79.47,83.1,81.36,78.96,91.77,94.1,94.95,91.91,92.3,90.72
GB0006825383,PERSIMMON,GB,47.07,42.72,40.64,38.27,30.37,22.01,28.41,53.12,58.71,47.62,44.21,53.67,58.11
GB0006928617,UNITE GROUP,GB,67.7,55.56,52.98,53.51,56.27,58.62,65.93,66.26,64.72,84.92,65.28,80.42,68.09
GB0007099541,PRUDENTIAL,GB,55.57,61.99,61.27,66.23,52.69,44.34,51.97,60.79,67.95,73.49,73.77,66.33,63.19
GB0007188757,RIO TINTO,GB,83.8,87.29,89.91,86.13,71.29,78.04,77.97,78.65,80.68,91.0,93.5,92.85,93.02
GB0007323586,RENISHAW,GB,11.93,14.23,13.4,15.19,35.14,43.47,74.21,68.4,67.79,77.48,73.61,74.05,70.87
GB0007594764,RPS GROUP DEAD - DELIST.24/01/23,GB,33.19,28.65,29.28,25.99,23.27,25.54,38.41,56.35,69.02,65.53,69.73,65.14,67.33
GB0007668071,CLOSE BROTHERS GROUP,GB,20.39,28.22,28.86,29.28,35.26,38.65,41.46,44.15,47.53,47.05,52.12,58.72,56.29
GB0007669376,ST.JAMES'S PLACE ORD,GB,35.08,35.41,33.91,35.58,41.9,42.25,42.95,39.75,43.02,45.73,47.1,53.73,55.94
GB0007908733,SSE,GB,41.47,53.14,65.77,72.69,65.99,52.2,49.54,62.08,60.23,66.48,61.33,68.2,73.77
GB0007973794,SERCO GROUP,GB,88.34,78.22,83.94,85.8,77.56,80.5,81.03,82.12,82.96,79.53,77.18,76.49,77.77
GB0007980591,BP,GB,93.74,93.86,93.12,95.37,90.23,93.95,92.29,92.58,95.37,94.67,92.56,89.95,87.82
GB0008025412,SIG,GB,51.86,40.25,47.66,58.89,58.32,57.17,57.58,63.47,65.0,66.41,68.37,67.4,65.13
GB0008085614,MORGAN SINDALL GROUP,GB,28.38,21.87,19.28,20.48,26.65,26.11,34.2,30.03,53.52,56.47,55.9,52.73,67.57
GB0008220112,SMITH (DS),GB,10.6,18.9,19.35,16.83,14.04,20.19,36.67,43.48,54.63,71.35,77.4,78.39,82.88
GB0008706128,LLOYDS BANKING GROUP,GB,76.51,78.15,77.73,83.23,73.49,69.21,78.77,88.94,82.68,83.59,81.66,81.42,83.11
GB0008782301,TAYLOR WIMPEY,GB,37.72,58.38,56.89,55.19,55.82,57.11,47.21,44.73,49.26,49.9,74.42,82.81,81.24
GB0009223206,SMITH & NEPHEW,GB,61.82,62.57,53.19,58.19,47.45,48.57,47.3,60.55,69.31,77.07,91.25,87.06,87.57
GB0009292243,VICTREX,GB,13.43,12.02,14.06,14.1,17.8,26.43,33.85,24.87,23.32,33.91,38.17,38.24,38.81
GB0009465807,WEIR GROUP,GB,65.21,59.83,75.66,74.57,58.75,66.15,67.98,69.65,68.75,68.94,70.63,78.55,75.9
GB0009697037,BABCOCK INTERNATIONAL,GB,24.15,27.45,25.17,25.14,23.72,25.1,30.32,25.66,22.7,25.18,33.2,34.5,33.45
GB0009895292,ASTRAZENECA,GB,90.62,83.83,84.74,79.07,85.51,82.74,83.78,85.46,87.5,96.8,96.79,97.08,96.97
GB0030913577,BT GROUP,GB,73.44,65.91,70.33,73.67,75.06,70.97,83.8,80.78,79.18,76.53,74.67,71.23,69.78
GB0031274896,MARKS & SPENCER GROUP,GB,89.21,91.22,91.79,90.84,92.03,93.9,93.53,94.96,97.14,84.29,78.11,81.6,90.2
GB0031348658,BARCLAYS,GB,76.78,75.92,82.16,81.78,82.66,78.41,75.85,83.18,84.63,86.71,88.35,88.91,88.4
GB0032089863,NEXT,GB,71.66,72.49,74.57,71.14,70.22,66.33,65.81,69.49,67.65,68.8,68.93,68.89,72.37
GB0033195214,KINGFISHER,GB,67.95,62.67,63.61,70.91,71.93,65.98,64.79,73.12,74.7,75.29,74.0,70.71,77.47
GB0033986497,ITV,GB,82.69,78.02,89.06,70.68,61.52,66.18,67.68,67.78,57.38,59.78,77.03,76.33,82.54
GB00B012BV22,MARSHALLS,GB,24.54,59.48,63.06,62.9,53.54,49.5,48.01,64.02,68.91,69.18,62.73,66.32,65.95
GB00B019KW72,SAINSBURY J,GB,63.25,69.17,72.77,67.67,69.54,67.76,68.58,66.82,62.84,51.56,49.78,51.85,56.51
GB00B033F229,CENTRICA,GB,75.78,76.32,79.59,78.24,70.3,75.36,60.78,72.11,56.47,56.29,64.57,57.1,58.84
GB00B04V1276,GRAINGER,GB,65.25,64.48,65.51,62.92,63.24,65.1,60.66,67.72,64.76,65.04,70.7,70.57,63.72
GB00B0744B38,BUNZL,GB,85.2,67.81,72.99,74.89,47.69,56.11,57.62,41.91,36.46,35.0,37.14,39.18,51.52
GB00B082RF11,RENTOKIL INITIAL,GB,44.99,40.86,54.8,83.23,83.24,75.08,67.05,73.67,70.6,82.44,76.82,76.23,74.63
GB00B0FYMT95,HELICAL REIT,GB,27.36,39.49,41.35,36.32,41.63,49.15,55.85,48.55,41.56,40.21,36.15,49.42,47.34
GB00B0YG1K06,RESTAURANT GROUP DEAD - DELIST.22/12/23,GB,29.03,31.53,35.94,35.64,35.95,35.4,39.32,40.36,41.93,41.99,41.53,45.38,40.49
GB00B10RZP78,UNILEVER (UK),GB,86.76,81.24,83.85,83.69,84.58,85.41,87.09,81.73,83.67,95.3,94.92,94.69,94.07
GB00B135BJ46,SAVILLS,GB,69.81,59.66,68.13,72.74,65.77,62.63,61.79,57.76,56.38,55.07,50.49,52.61,51.03
GB00B18P5K83,TOPPS TILES,GB,41.35,54.39,47.81,41.89,35.71,41.14,32.7,34.68,37.13,37.31,37.13,48.68,46.17
GB00B19Z1432,PZ CUSSONS,GB,27.78,27.59,39.69,29.73,36.77,39.74,39.35,41.44,56.04,43.7,38.77,42.38,44.3
GB00B1FH8J72,SEVERN TRENT,GB,62.18,76.2,54.92,60.69,61.05,80.29,73.14,65.83,73.18,76.03,74.41,77.33,78.09
GB00B1JQBT10,PINEWOOD TECHNOLOGIES GROUP,GB,18.94,20.24,20.14,20.38,20.53,19.62,21.27,32.89,39.21,31.26,30.67,32.94,29.53
GB00B1JQDM80,MARSTON'S,GB,34.73,50.17,50.44,48.7,49.7,50.54,57.66,55.2,57.94,56.73,64.76,84.59,84.05
GB00B1KJJ408,WHITBREAD,GB,59.59,72.37,82.34,84.75,77.62,78.67,79.32,85.51,85.75,89.75,88.45,88.52,86.03
GB00B1L5QH97,RANK GROUP,GB,38.4,44.81,37.47,32.35,37.75,39.65,57.42,53.1,55.19,52.67,62.4,65.31,70.19
GB00B1P6ZR11,BROWN GROUP,GB,29.96,33.81,35.11,35.06,41.5,39.63,43.05,59.22,58.75,62.08,57.48,51.36,46.12
GB00B1WY2338,SMITHS GROUP,GB,53.43,53.35,54.77,45.65,42.12,44.37,41.04,44.45,58.96,76.43,60.12,58.21,68.79
GB00B1XZS820,ANGLO AMERICAN,GB,80.39,80.68,84.66,80.66,91.04,88.61,93.41,86.97,76.18,77.67,80.13,82.32,83.58
GB00B1YW4409,3I GROUP,GB,45.6,52.79,44.5,45.05,30.85,32.48,52.84,51.38,73.57,73.83,77.44,65.36,64.85
GB00B23K0M20,CAPITA,GB,47.29,42.4,62.45,64.21,50.66,68.84,69.65,80.59,79.67,73.86,77.37,83.88,78.54
GB00B24CGK77,RECKITT BENCKISER GROUP,GB,59.6,58.79,56.11,59.32,65.03,65.61,64.87,79.03,81.87,87.91,90.58,90.81,93.37
GB00B27YGJ97,SEVERFIELD,GB,18.78,16.66,21.84,16.71,13.51,18.5,17.42,19.58,22.69,23.69,22.07,19.33,26.24
GB00B2B0DG97,RELX,GB,67.78,66.05,72.45,75.75,74.2,76.55,80.44,81.84,82.35,78.71,78.76,80.45,79.63
GB00B2NGPM57,PARAGON BANKING GROUP,GB,26.25,29.08,28.48,32.86,31.52,38.77,42.47,43.04,51.26,51.08,53.09,50.08,47.89
GB00B2PDGW16,WH SMITH,GB,51.62,72.04,72.45,73.17,72.07,70.28,74.04,73.26,73.58,76.58,73.07,71.21,89.05
GB00B39J2M42,UNITED UTILITIES GROUP,GB,64.2,62.2,62.73,62.73,62.17,60.4,66.48,62.36,66.87,86.49,80.72,76.45,71.84
GB00B3DGH821,DE LA RUE ORD,GB,56.44,48.95,54.31,55.12,64.64,65.17,66.64,73.88,81.63,66.21,68.08,65.05,67.32
GB00B3FLWH99,BODYCOTE,GB,14.24,13.59,31.3,26.56,31.41,31.1,44.02,55.8,58.96,68.32,63.19,59.48,61.34
GB00B41H7391,REDDE NORTHGATE,GB,40.29,32.35,35.34,32.17,40.32,39.11,30.89,38.26,32.81,32.38,53.64,49.86,48.55
GB00B45C9X44,CHEMRING GROUP,GB,26.11,39.03,34.25,44.67,35.46,33.97,21.45,34.88,33.5,60.99,52.6,50.05,50.78
GB00B572ZV91,PHAROS ENERGY,GB,36.01,40.82,46.78,48.13,58.08,51.45,50.94,53.43,63.58,63.87,63.06,60.18,54.69
GB00B5ZN1N88,SEGRO,GB,66.76,65.41,76.3,59.56,57.97,58.96,77.79,68.15,69.48,85.3,66.17,83.3,81.46
GB00B61TVQ02,INCHCAPE,GB,10.45,12.91,17.49,14.39,15.38,13.78,14.74,14.76,18.99,39.99,31.46,36.12,36.05
GB00B63H8491,ROLLS-ROYCE HOLDINGS,GB,35.63,27.07,26.23,51.09,39.66,50.31,45.24,88.24,87.91,88.04,86.76,85.31,81.04
GB00B63QSB39,GREGGS,GB,42.79,40.58,52.82,50.01,65.73,69.73,76.03,74.83,86.11,79.92,79.23,79.93,78.11
GB00B67G5X01,WORKSPACE GROUP,GB,54.97,56.77,53.84,57.15,53.69,56.22,50.78,55.92,58.99,56.81,53.58,62.01,63.75
GB00B82YXW83,VESUVIUS,GB,20.53,17.21,19.98,16.06,33.63,33.43,62.36,58.4,61.4,59.63,55.49,69.23,67.43
GB00B8C3BL03,SAGE GROUP,GB,39.76,45.04,49.69,48.95,46.27,66.84,48.72,57.21,43.81,47.44,49.1,49.48,48.73
GB00BDCPN049,COCA COLA EUROPACIFIC PARTNERS,GB,80.41,74.67,72.79,72.24,72.38,70.85,70.03,64.89,85.26,78.73,77.81,77.47,78.22
GB00BDR05C01,NATIONAL GRID,GB,54.22,69.3,73.43,72.14,82.22,83.84,77.95,78.18,80.64,74.88,75.5,71.66,73.13
GB00BF044593,CLS HOLDINGS,GB,23.15,22.29,39.41,39.29,43.99,51.32,47.67,47.08,46.33,55.98,57.71,55.59,59.83
GB00BF5H9P87,GREAT PORTLAND ESTATES,GB,55.09,66.54,61.79,62.28,78.86,77.29,86.45,85.59,93.66,87.15,84.81,82.87,80.53
GB00BG11K365,REDROW,GB,42.66,49.75,52.28,50.63,47.43,49.34,47.39,42.89,38.12,47.16,43.89,68.04,69.26
GB00BGLP8L22,IMI,GB,80.94,81.58,74.82,71.52,70.72,61.7,50.51,51.2,60.73,64.69,63.76,72.04,68.73
GB00BH4HKS39,VODAFONE GROUP,GB,92.16,91.0,89.95,88.76,85.39,88.54,87.04,92.62,84.83,86.29,84.73,85.21,81.95
GB00BJFFLV09,CRODA INTERNATIONAL,GB,47.83,44.44,42.05,63.94,62.37,70.1,76.5,76.88,77.62,79.23,79.16,77.36,77.62
GB00BK7YQK64,HAMMERSON,GB,53.05,46.99,44.17,45.34,58.4,61.04,66.67,70.0,69.84,66.01,79.88,78.58,79.01
GB00BK9RKT01,TRAVIS PERKINS,GB,25.83,41.56,44.56,76.49,73.28,55.94,33.27,53.49,48.08,39.41,39.76,38.79,41.45
GB00BKP36R26,HYVE GROUP DEAD - DELIST.23/05/23,GB,3.51,11.06,12.11,25.67,18.29,24.68,26.25,23.1,26.4,26.35,24.32,38.97,39.31
GB00BKY40Q38,GALLIFORD TRY,GB,23.44,21.61,29.6,34.2,29.54,30.25,39.96,52.54,51.83,61.53,73.25,67.26,70.0
GB00BL6XZ716,CAPITAL & REGIONAL,GB,31.12,46.88,36.39,50.89,47.54,46.65,25.15,26.91,25.49,23.49,24.39,30.44,33.83
GB00BLGZ9862,TESCO,GB,71.4,74.56,84.17,84.9,86.17,82.0,85.43,89.85,87.61,82.77,83.24,85.49,85.52
GB00BLJNXL82,BERKELEY GROUP HOLDINGS (THE),GB,39.6,53.3,67.44,71.23,71.86,77.92,55.17,48.78,55.91,54.72,61.65,59.85,58.15
GB00BM8PJY71,NATWEST GROUP,GB,70.35,71.13,79.81,78.6,83.35,80.77,75.32,75.2,83.43,88.33,89.45,89.47,88.64
GB00BMJ6DW54,INFORMA,GB,37.56,35.79,43.07,35.19,44.48,52.44,59.91,70.43,65.91,70.01,68.32,66.17,65.11
GB00BN7SWP63,GLAXOSMITHKLINE,GB,85.89,83.42,87.42,86.04,85.32,83.56,82.15,86.54,93.78,94.98,94.71,96.91,96.75
GB00BNNTLN49,PENNON GROUP,GB,16.73,22.73,26.99,25.43,26.22,32.49,34.58,36.15,45.35,74.41,73.91,71.32,65.96
GB00BNR4T868,RENEWI,GB,46.76,53.59,48.72,63.51,62.38,63.04,57.34,51.2,65.7,52.53,52.12,75.16,73.65
GB00BP6MXD84,SHELL,GB,68.99,69.23,78.16,76.07,71.08,76.79,78.35,84.59,82.38,79.5,79.76,79.24,95.43
GB00BP92CJ43,TATE & LYLE,GB,26.26,52.65,43.66,46.61,51.22,53.2,59.13,65.6,62.04,62.03,62.78,57.51,62.54
GB00BP9LHF23,SCHRODERS,GB,45.37,48.01,49.92,46.11,44.39,45.87,44.91,49.84,48.18,54.59,54.14,55.18,66.73
GB00BPQY8M80,AVIVA,GB,58.14,69.32,77.57,74.97,71.81,75.24,80.06,79.61,67.77,68.33,69.87,60.62,57.69
GB00BVFNZH21,ROTORK,GB,27.37,30.32,36.89,34.74,34.71,32.7,28.92,50.88,56.82,63.41,61.57,52.89,54.35
GB00BWFGQN14,SPIRAX-SARCO ENGR.,GB,42.59,43.51,41.59,37.33,35.04,39.32,31.35,49.91,41.67,42.42,49.9,46.07,53.34
GB00BYT1DJ19,INTERMEDIATE CAPITAL GP.,GB,25.06,24.67,20.01,15.28,19.86,20.11,37.94,38.15,37.39,34.7,31.3,35.08,38.01
GB00BYW0PQ60,LAND SECURITIES GROUP,GB,84.63,88.7,88.24,90.24,93.39,88.52,90.49,95.68,94.95,65.91,68.69,71.23,76.42
GB00BYYTFB60,HOMESERVE DEAD - DELIST.05/01/23,GB,20.64,18.26,20.78,18.64,17.74,16.82,16.88,17.61,20.76,23.21,20.59,19.6,18.97
GB00BZ4BQC70,JOHNSON MATTHEY,GB,42.28,39.05,35.57,54.94,60.71,60.74,51.53,61.52,67.11,58.31,71.64,72.43,71.72
IE0002424939,DCC,IE,14.96,17.68,14.53,25.18,27.2,27.9,37.16,36.86,42.52,30.08,32.86,28.55,25.75
IE0003864109,GREENCORE GROUP,IE,40.3,43.15,44.83,48.71,49.25,50.64,49.73,54.32,52.7,48.16,39.81,42.6,64.38
IE0004906560,KERRY GROUP 'A',IE,11.49,35.29,35.68,39.15,52.4,50.42,60.66,64.15,71.82,72.27,77.43,74.36,80.66
IE0004927939,KINGSPAN GROUP,IE,22.21,41.1,42.21,43.61,36.13,36.65,37.9,44.95,46.97,74.58,72.41,79.51,76.13
IE00B00MZ448,GRAFTON GROUP,IE,35.53,27.46,25.48,24.23,20.28,12.27,17.14,28.23,17.28,14.69,27.78,28.17,40.18
IE00B8KQN827,EATON,IE,66.82,58.15,58.1,58.42,57.18,56.44,59.56,70.66,77.07,81.22,79.19,77.09,75.88
IE00BD1RP616,BANK OF IRELAND GROUP,IE,45.55,41.18,43.93,38.12,33.03,34.31,36.06,56.14,63.77,70.33,67.43,72.62,69.45
IE00BF0L3536,AIB GROUP,IE,54.64,52.78,52.12,45.94,41.82,40.33,39.92,48.98,47.99,68.18,70.75,63.52,72.65
IE00BK9ZQ967,TRANE TECHNOLOGIES,IE,75.2,78.7,75.14,68.19,0.26,58.82,59.07,71.91,70.87,69.14,80.2,93.53,93.1
IE00BLP1HW54,AON CLASS A,IE,57.36,57.59,51.87,64.16,48.12,66.09,49.47,39.16,40.94,46.48,52.4,63.83,67.05
IE00BLS09M33,PENTAIR,IE,42.91,42.05,55.29,54.64,54.04,51.01,44.95,50.23,66.36,61.54,58.41,57.17,57.02
IE00BTN1Y115,MEDTRONIC,IE,67.43,71.68,70.84,70.65,89.25,89.33,87.7,84.66,92.12,92.8,91.65,90.08,89.59
IE00BWB8X525,PERMANENT TSB GHG.,IE,66.48,64.7,67.78,53.31,39.22,36.98,32.04,30.08,13.7,30.55,27.81,44.54,49.62
IE00BY7QL619,JOHNSON CONTROLS INTL.,IE,92.86,87.96,94.85,95.87,95.42,94.86,91.87,92.98,93.41,91.26,91.37,90.82,91.93
IE00BYTBXV33,RYANAIR HOLDINGS,IE,47.68,46.63,33.84,35.19,29.44,32.31,33.11,36.3,34.51,42.2,39.62,35.49,44.6
IT0000062072,ASSICURAZIONI GENERALI,IT,71.24,91.11,90.64,89.8,88.53,88.18,93.52,93.2,86.52,89.68,87.45,89.63,87.99
IT0000062957,MEDIOBANCA BC.FIN,IT,10.68,8.62,22.43,20.81,17.96,14.83,31.65,36.13,34.35,46.28,56.54,56.26,57.34
IT0000072618,INTESA SANPAOLO,IT,92.29,89.04,84.34,80.04,69.34,68.82,75.88,88.31,89.27,89.74,93.8,93.26,93.34
IT0001137345,AUTOGRILL DEAD - DELIST.24/07/23,IT,74.99,77.99,79.19,73.56,75.97,80.17,79.76,87.07,82.94,75.59,76.42,85.17,83.84
IT0001233417,A2A,IT,55.76,68.19,61.02,65.86,66.13,57.99,63.15,51.56,59.41,61.9,64.56,83.64,83.74
IT0001347308,BUZZI,IT,35.15,37.46,66.55,65.83,59.8,44.66,47.17,48.35,63.61,53.4,69.86,70.31,72.55
IT0001469383,ARNOLDO MONDADORI EDI.,IT,38.07,36.54,41.64,60.57,64.21,62.35,58.41,60.58,57.24,70.23,76.43,76.43,79.76
IT0003128367,ENEL,IT,66.87,90.68,87.73,82.31,81.29,83.73,84.32,88.61,95.02,92.83,93.02,93.55,96.29
IT0003132476,ENI,IT,89.81,94.26,90.37,86.99,83.56,80.82,80.66,85.54,86.4,91.71,93.02,93.39,91.44
IT0003497168,TELECOM ITALIA,IT,85.61,77.85,72.45,73.71,72.27,73.84,70.51,82.04,86.95,89.03,89.57,86.85,89.13
IT0003856405,LEONARDO,IT,45.58,49.2,53.62,72.17,71.7,72.54,71.48,68.67,74.72,68.91,75.81,80.43,93.23
IT0004810054,UNIPOL GRUPPO FINANZIARIO,IT,30.11,34.01,48.78,48.73,44.26,42.78,52.27,53.93,56.45,61.36,66.29,72.8,75.39
IT0004827447,UNIPOLSAI,IT,32.49,34.85,26.36,37.66,35.04,36.98,48.62,49.54,57.08,86.51,82.81,84.81,76.3
IT0005218380,BANCO BPM,IT,23.29,32.88,33.3,21.12,25.92,31.53,24.8,35.18,41.65,67.27,64.04,74.44,77.88
IT0005239360,UNICREDIT,IT,74.52,69.86,77.0,84.97,85.87,84.37,80.23,85.06,82.96,79.87,88.77,87.46,84.62
IT0005495657,SAIPEM,IT,73.43,71.51,80.61,92.5,92.37,91.03,87.46,91.03,90.31,91.62,95.03,94.27,93.76
IT0005496473,TESSELLIS,IT,13.39,13.56,12.86,13.28,9.66,9.18,9.1,9.97,8.75,13.37,18.51,31.12,39.02
IT0005508921,BANCA MONTE DEI PASCHI,IT,71.77,83.23,81.0,79.85,63.36,59.34,69.14,75.05,78.91,69.79,71.39,79.4,77.32
NL0000009082,KPN KON,NL,51.77,55.37,76.85,58.15,40.66,42.4,45.62,51.36,57.28,66.26,64.7,60.63,57.24
NL0000009165,HEINEKEN,NL,51.0,63.4,71.05,80.72,82.09,79.55,73.85,76.27,72.54,69.9,69.06,71.87,76.24
NL0000009538,PHILIPS ELTN.KONINKLIJKE,NL,87.79,86.35,95.19,93.95,94.13,94.53,94.09,93.83,95.46,96.64,96.24,95.28,94.92
NL0000226223,STMICROELECTRONICS,NL,72.96,94.06,94.87,98.47,97.78,95.42,88.23,88.61,95.54,96.01,93.5,95.33,93.79
NL0000289213,WERELDHAVE,NL,56.51,62.96,56.84,34.97,46.92,57.81,50.57,61.96,61.02,77.82,85.31,61.57,65.73
NL0000337319,BAM GROEP KON.,NL,45.41,55.81,55.68,56.87,52.03,51.31,52.3,61.68,67.53,70.49,67.49,76.95,74.21
NL0000360618,SBM OFFSHORE,NL,85.76,87.55,86.82,82.41,81.81,82.78,76.3,71.73,79.98,82.18,81.16,80.96,80.01
NL0000379121,RANDSTAD,NL,55.67,48.19,53.88,61.1,67.74,60.33,59.7,74.61,71.6,70.25,69.45,78.66,81.43
NL0000395903,WOLTERS KLUWER,NL,85.42,80.74,82.99,70.44,64.52,71.92,63.46,65.2,66.9,70.92,69.54,77.28,77.48
NL0009432491,KONINKLIJKE VOPAK,NL,65.91,69.35,84.51,86.06,90.33,88.4,81.94,88.38,88.84,90.43,86.59,81.35,81.69
NL0010273215,ASML HOLDING,NL,71.32,66.39,65.43,65.65,61.84,63.72,89.38,88.85,89.69,89.35,91.5,88.09,86.18
NL0010583399,CORBION,NL,25.04,23.36,27.27,17.82,26.99,42.73,19.7,55.55,53.55,72.08,70.02,69.19,74.22
NL0011794037,KONINKLIJKE AHOLD DELHAIZE,NL,68.19,71.01,74.31,73.13,73.45,76.5,83.72,78.6,74.19,77.69,76.18,76.71,84.21
NL0011821202,ING GROEP,NL,92.02,88.17,82.82,69.62,66.76,68.96,69.99,77.4,74.82,75.84,74.83,70.09,69.04
NL0013267909,AKZO NOBEL,NL,85.12,80.31,80.26,84.8,84.19,81.01,84.66,82.58,81.33,80.15,75.42,76.71,78.33
NL00150001Q9,STELLANTIS,NL,81.95,85.88,89.69,92.22,91.51,92.62,91.44,96.16,95.84,96.49,95.94,95.52,92.97
NL00150003E1,FUGRO,NL,32.51,33.35,41.65,38.33,39.58,40.75,34.34,58.59,55.79,60.24,85.62,82.44,86.7
NL0015001FS8,FERROVIAL,NL,81.73,94.63,97.47,93.72,89.73,90.05,96.25,86.63,84.51,82.96,80.3,94.89,95.25
NO0003028904,SCHIBSTED A,NO,13.8,14.12,16.34,14.93,44.55,42.96,40.3,52.82,51.75,61.37,75.47,72.99,80.0
NO0003053605,STOREBRAND,NO,71.9,76.68,77.1,56.89,56.54,59.83,60.66,64.64,54.34,64.12,57.39,55.79,86.68
NO0003054108,MOWI,NO,46.62,70.37,69.52,76.27,78.48,79.32,85.26,90.68,85.14,85.07,82.11,82.71,82.08
NO0003078800,TGS,NO,18.75,25.65,27.75,43.33,46.46,44.86,49.54,59.16,66.26,66.67,67.96,65.69,59.53
NO0003733800,ORKLA,NO,74.05,73.38,78.29,83.8,78.52,72.91,77.63,82.22,82.46,83.58,87.07,86.42,86.36
NO0005052605,NORSK HYDRO,NO,89.17,89.64,94.28,95.46,92.04,93.19,91.42,96.39,90.99,95.76,93.74,93.95,90.6
NO0010199151,PGS,NO,30.8,32.45,26.26,39.38,37.55,36.09,31.99,33.36,29.55,30.23,31.69,49.77,49.4
NO0010861990,PROSAFE,NO,76.29,82.73,66.81,68.28,63.11,75.46,69.16,84.8,71.84,73.25,75.06,82.94,81.31
NO0012470089,TOMRA SYSTEMS,NO,25.57,34.49,35.0,53.94,53.38,52.23,42.84,43.87,56.3,61.0,52.04,52.05,55.21
PTBCP0AM0015,BANCO COMR.PORTUGUES 'R',PT,58.91,63.19,65.62,64.74,63.35,56.23,70.91,71.27,80.48,84.15,86.14,89.17,83.18
PTEDP0AM0009,EDP ENERGIAS DE PORTUGAL,PT,81.92,87.02,81.35,84.69,84.93,86.98,90.0,90.48,91.34,87.72,85.54,93.99,93.86
PTJMT0AE0001,JERONIMO MARTINS,PT,74.02,70.57,77.91,74.01,72.5,72.91,75.9,82.06,89.69,89.5,86.95,85.79,91.74
PTSON0AM0001,SONAE SGPS,PT,70.79,69.66,63.71,63.56,65.5,64.81,73.02,72.91,86.74,78.84,74.14,65.25,64.17
PTZON0AM0006,NOS SGPS,PT,32.96,28.38,23.96,39.01,38.6,36.19,36.5,39.26,40.56,55.14,72.13,70.77,69.67
SE0000106270,HENNES & MAURITZ B,SE,69.56,79.14,83.09,67.6,65.33,72.01,89.74,88.22,76.14,85.16,84.65,85.19,80.74
SE0000108227,SKF B,SE,84.3,83.06,84.61,83.65,91.3,89.95,95.44,92.5,90.97,89.64,84.86,83.71,83.32
SE0000108656,ERICSSON B,SE,69.11,61.43,65.91,66.81,74.97,88.24,85.18,85.93,87.52,89.71,82.19,89.05,90.22
SE0000111940,RATOS B,SE,9.73,17.75,18.05,17.03,15.64,14.5,23.32,44.33,39.89,51.02,69.51,70.02,66.02
SE0000112724,SVENSKA CELLULOSA AKTIEBOLAGET SCA B,SE,86.79,87.14,86.25,80.8,69.99,71.14,86.67,90.57,94.35,83.71,86.71,87.31,87.67
SE0000113250,SKANSKA B,SE,49.18,58.92,58.04,77.69,79.24,80.17,77.42,82.14,86.02,87.82,74.25,72.7,75.85
SE0000114837,TRELLEBORG B,SE,81.79,80.18,82.56,74.93,71.45,72.02,69.6,75.05,85.98,81.67,79.43,74.92,73.39
SE0000148884,SKANDINAVISKA ENSKILDA BANKEN A,SE,58.37,53.66,56.96,51.01,64.7,67.45,75.35,79.22,82.87,84.06,79.67,78.81,75.66
SE0000163594,SECURITAS B,SE,24.25,24.01,22.76,25.97,24.77,30.09,35.88,56.24,73.49,69.23,74.21,70.28,70.33
SE0000163628,ELEKTA B,SE,43.6,40.51,49.44,44.13,67.87,81.21,74.27,78.11,89.9,92.06,90.6,93.53,91.24
SE0000171100,SSAB A,SE,70.74,69.35,75.44,70.3,63.04,60.46,68.53,71.78,61.84,79.32,75.09,71.74,73.99
SE0000190126,INDUSTRIVARDEN A,SE,19.38,22.93,14.92,11.42,10.67,11.54,5.45,22.67,24.97,33.14,43.23,40.52,42.32
SE0000202624,GETINGE B,SE,66.67,41.75,44.39,37.62,39.52,35.73,37.64,52.48,65.98,68.65,67.25,63.04,71.39
SE0000242455,SWEDBANK A,SE,52.59,55.86,64.16,61.98,64.38,68.76,70.8,72.79,75.28,75.13,70.24,69.12,65.72
SE0000379190,CASTELLUM,SE,37.65,35.86,44.99,52.84,48.86,51.2,44.63,62.39,71.85,82.9,78.37,83.29,77.66
SE0000667891,SANDVIK,SE,62.79,64.29,68.69,66.37,72.54,71.01,70.79,77.01,77.87,79.63,79.26,77.96,83.22
SE0000806994,JM,SE,21.19,20.52,23.19,43.39,39.81,44.23,45.32,43.54,67.27,66.88,62.33,60.88,47.35
SE0003366871,SAS,SE,64.3,69.94,73.36,70.5,65.27,60.52,63.32,67.63,65.27,62.61,64.72,63.86,59.01
SE0005190238,TELE2 B,SE,60.07,54.32,44.89,38.42,65.57,67.0,74.96,72.0,76.69,76.2,74.31,77.89,77.44
SE0006993770,AXFOOD,SE,51.44,56.13,67.06,74.3,76.34,74.33,74.65,86.48,81.79,80.41,78.24,75.96,69.67
SE0007100581,ASSA ABLOY B,SE,81.29,81.06,78.83,73.15,71.95,65.88,65.03,72.91,76.64,78.92,73.33,73.12,74.12
SE0007100599,SVENSKA HANDELSBANKEN A,SE,56.41,57.71,54.65,55.33,53.75,54.63,51.64,58.76,59.2,70.68,74.12,77.67,75.65
SE0011090018,HOLMEN B,SE,45.72,52.91,51.8,55.22,45.1,48.86,68.91,76.9,81.94,79.3,77.87,78.0,77.69
SE0011166974,FABEGE,SE,71.82,70.33,75.6,74.21,74.69,75.61,78.41,83.55,77.59,69.42,71.62,81.96,76.78
SE0015810247,KINNEVIK B,SE,23.04,62.76,60.96,78.57,76.16,75.92,72.28,62.87,73.85,71.33,72.73,71.4,73.0
SE0015811955,INVESTOR A,SE,40.24,45.49,38.74,43.79,38.72,42.5,48.05,38.95,41.4,60.74,65.17,67.57,63.32
SE0015812219,SWEDISH MATCH DEAD - DELIST.02/01/23,SE,65.27,75.54,75.28,77.4,83.36,79.92,71.54,70.73,65.4,83.62,83.89,85.02,84.63
SE0015961909,HEXAGON B,SE,38.25,38.35,48.59,49.34,54.09,51.69,55.21,57.89,54.26,59.02,62.97,58.68,62.53
SE0016589188,ELECTROLUX B,SE,54.58,67.66,62.59,73.58,68.58,73.73,79.64,79.42,83.44,82.32,82.46,84.98,85.61
SE0017486889,ATLAS COPCO A,SE,93.6,88.63,88.63,89.96,86.42,84.66,88.19,91.63,91.7,90.26,91.99,88.87,91.5
SE0018012494,MODERN TIMES GROUP MTG B,SE,36.01,55.82,62.29,87.26,93.23,92.96,87.89,95.05,89.31,89.95,92.39,88.12,87.52
SE0020050417,BOLIDEN ORD SHS,SE,67.8,67.07,70.29,75.92,77.35,78.29,76.74,82.84,86.27,82.51,86.54,84.24,85.3
