ISIN,NAME,Country_Code,x2007,x2008,x2009,x2010,x2011,x2012,x2013,x2014,x2015,x2016,x2017,x2018,x2019,x2020,x2021,x2022
AT000000STR1,STRABAG SE,AT,42.56,41.5,33.35,32.27,33.44,39.81,42.32,36.03,37.51,37.97,77.52,77.44,81.25,81.14,80.54,75.93
AT00000VIE62,FLUGHAFEN WIEN,AT,18.94,20.6,19.41,22.71,35.97,37.49,36.83,36.16,41.09,40.27,54.13,47.44,44.88,42.69,44.49,
AT0000606306,RAIFFEISEN BANK INTL.,AT,30.04,34.03,25.67,65.58,61.71,49.06,51.3,51.14,53.54,71.45,75.91,90.95,91.57,87.49,86.93,85.91
AT0000652011,ERSTE GROUP BANK,AT,35.48,36.47,36.4,34.92,34.34,35.21,36.36,47.22,48.56,47.44,83.09,80.42,82.81,79.64,74.79,74.31
AT0000720008,TELEKOM AUSTRIA,AT,56.13,59.13,65.76,63.31,65.02,74.4,73.83,68.47,66.16,62.4,63.65,60.42,57.78,75.31,71.21,71.83
AT0000730007,ANDRITZ,AT,25.33,20.98,17.63,66.62,51.95,47.5,50.11,52.07,45.57,56.84,59.24,75.01,76.17,76.0,76.78,77.3
AT0000743059,OMV,AT,76.46,90.18,83.4,88.1,76.81,80.92,83.16,83.34,86.89,86.48,82.98,82.7,82.43,83.21,90.87,89.33
AT0000746409,VERBUND,AT,44.78,54.34,50.77,52.06,53.31,42.43,44.61,42.82,50.22,55.42,53.9,51.97,64.04,62.25,75.72,69.61
AT0000831706,WIENERBERGER,AT,48.33,19.92,22.91,30.29,32.29,36.42,28.24,37.79,52.64,40.23,41.11,43.32,44.13,53.72,76.84,74.36
AT0000908504,VIENNA INSURANCE GROUP A,AT,22.72,42.1,45.72,40.24,25.72,38.6,39.12,40.28,41.64,61.27,61.06,61.94,59.31,61.48,61.78,55.56
AT0000937503,VOESTALPINE,AT,13.81,17.37,31.68,35.65,40.85,36.68,40.37,47.55,48.13,71.26,65.79,62.63,59.43,74.13,69.86,67.57
AT0000938204,MAYR-MELNHOF KARTON,AT,20.57,30.05,29.31,25.45,35.71,37.88,38.38,33.74,41.62,35.86,43.92,47.36,50.82,52.68,66.0,70.67
AT0000A21KS2,IMMOFINANZ,AT,33.21,15.31,13.2,29.4,31.31,26.64,26.25,30.17,31.4,27.37,59.93,66.88,61.88,70.75,72.26,69.9
BE0003470755,SOLVAY,BE,26.3,45.71,41.66,48.97,64.12,65.06,63.38,75.4,84.96,82.93,75.38,72.95,70.28,75.72,80.3,78.4
BE0003565737,KBC GROUP,BE,86.42,91.36,87.54,90.57,89.52,88.87,89.32,58.64,77.47,74.49,74.93,79.12,79.86,75.21,75.86,74.86
BE0003593044,COFINIMMO,BE,67.82,61.17,63.45,66.38,63.42,60.77,56.24,60.6,60.38,59.49,58.87,62.41,70.85,68.5,66.24,89.01
BE0003717312,SOFINA,BE,2.93,3.25,4.11,7.77,7.9,8.43,5.08,14.15,10.43,16.5,22.12,17.06,38.38,40.85,43.67,45.96
BE0003735496,ORANGE BELGIUM,BE,15.81,33.77,22.72,40.02,34.28,31.48,36.05,26.89,32.21,23.25,26.27,46.24,49.97,45.0,44.32,34.08
BE0003739530,UCB,BE,23.41,15.54,23.77,27.6,32.84,38.86,38.2,48.12,63.09,61.19,85.54,85.36,89.9,91.9,88.09,91.95
BE0003755692,AGFA-GEVAERT,BE,63.41,63.45,65.84,63.82,58.89,69.63,72.29,72.21,81.75,86.19,81.99,81.26,79.23,79.23,78.59,78.11
BE0003797140,GBL NEW,BE,16.36,14.04,8.39,8.49,7.04,5.97,15.67,13.58,13.41,17.01,20.28,42.49,48.04,83.03,80.88,79.97
BE0003810273,PROXIMUS,BE,45.25,69.11,75.98,78.03,68.62,58.29,55.44,49.91,74.26,79.0,84.09,78.12,72.98,79.14,80.81,78.22
BE0974256852,COLRUYT GROUP,BE,38.59,51.05,43.64,51.2,42.03,39.8,45.74,48.44,55.82,51.68,52.22,52.42,52.45,59.19,55.5,57.89
BE0974258874,BEKAERT (D),BE,42.45,40.57,49.54,45.7,45.67,35.39,35.34,41.61,68.03,68.65,69.38,70.04,66.9,69.09,67.82,71.91
BE0974264930,AGEAS (EX-FORTIS),BE,70.3,29.95,20.71,24.27,20.27,16.45,14.25,14.95,39.42,33.31,25.75,34.9,38.18,39.83,45.97,60.63
BE0974293251,ANHEUSER-BUSCH INBEV,BE,52.55,39.95,38.34,30.58,32.16,32.85,41.88,51.15,40.34,47.77,50.66,47.18,46.68,51.38,77.09,73.55
BE0974320526,UMICORE,BE,45.23,50.38,63.4,58.78,73.88,73.19,62.01,56.64,60.48,70.31,70.64,73.98,72.11,72.27,72.7,83.33
CH0000816824,OC OERLIKON CORPORATION,CH,21.59,21.9,21.23,53.11,54.81,57.39,51.07,59.94,54.09,55.53,57.18,54.35,54.43,52.15,72.12,
CH0008038389,SWISS PRIME SITE,CH,5.3,17.37,25.83,14.8,23.01,18.93,16.74,35.56,65.43,65.24,67.56,65.09,68.63,66.69,64.62,64.55
CH0008742519,SWISSCOM 'R',CH,57.91,71.08,58.31,58.99,65.77,61.68,69.07,70.95,78.54,61.85,63.81,67.79,65.15,72.89,63.49,66.12
CH0010570759,CHOCOLADEFABRIKEN LINDT & SPRUENGLI,CH,16.73,10.94,9.64,47.98,53.71,60.88,65.27,59.94,67.33,70.33,72.85,69.46,79.92,80.7,84.82,
CH0010645932,GIVAUDAN 'N',CH,53.44,42.16,48.35,58.23,66.85,65.36,73.02,76.4,66.72,59.75,73.85,73.28,70.03,73.42,72.56,73.92
CH0011075394,ZURICH INSURANCE GROUP,CH,43.56,43.78,49.6,46.17,45.85,49.09,52.9,56.65,59.59,79.4,82.44,85.42,91.93,91.07,86.79,
CH0011432447,BASILEA PHARMACEUTICA 'R',CH,10.16,21.14,42.18,44.16,58.8,50.17,54.09,58.54,72.5,63.71,68.31,64.8,44.38,41.94,37.93,35.29
CH0012005267,NOVARTIS 'R',CH,94.19,89.95,87.7,90.4,87.91,86.52,89.4,90.25,89.88,89.47,91.45,91.48,93.14,93.15,92.9,
CH0012032048,ROCHE HOLDING,CH,76.3,82.39,79.03,79.69,77.43,86.47,89.27,96.22,96.41,97.01,97.35,97.26,97.68,97.52,97.78,97.66
CH0012138530,CREDIT SUISSE GROUP DEAD - DELIST.14/06/23,CH,68.62,79.6,84.57,86.3,87.31,85.22,77.14,76.13,80.46,78.1,74.3,72.42,83.45,80.19,81.52,73.32
CH0012138605,ADECCO GROUP,CH,62.94,57.01,58.31,68.07,57.0,66.04,62.66,60.32,73.16,73.07,65.76,59.22,75.33,73.51,71.87,70.83
CH0012142631,CLARIANT,CH,38.62,63.24,50.59,64.66,61.36,75.54,70.91,74.06,75.98,86.7,87.53,86.83,86.27,88.62,88.76,89.57
CH0012214059,HOLCIM,CH,58.79,57.75,57.68,52.76,55.88,50.41,59.8,77.97,77.58,68.47,72.86,72.9,68.08,69.53,75.59,71.26
CH0012221716,ABB LTD N,CH,87.15,83.05,89.46,87.79,91.52,91.01,88.57,87.24,84.29,92.29,94.48,94.97,94.19,93.61,94.24,88.81
CH0012255151,THE SWATCH GROUP,CH,33.88,27.92,21.44,17.79,17.72,20.92,12.4,21.68,27.25,25.74,36.38,35.59,35.99,33.01,59.76,70.56
CH0012268360,KUDELSKI 'B',CH,7.37,4.02,3.63,5.12,2.07,3.81,5.86,5.75,6.61,19.81,20.17,17.9,21.01,21.32,18.7,17.61
CH0012410517,BALOISE HOLDING,CH,51.42,45.18,44.85,52.07,52.16,51.01,48.92,42.42,44.57,37.69,35.91,33.95,34.93,31.36,32.44,31.7
CH0012549785,SONOVA N,CH,15.02,34.18,51.76,48.09,50.9,41.18,48.98,65.88,70.2,69.65,86.22,86.96,91.57,91.57,91.39,91.89
CH0013841017,LONZA GROUP,CH,66.79,64.43,70.73,71.4,66.28,62.5,64.76,80.37,86.44,89.97,94.48,93.2,93.21,92.8,91.31,90.56
CH0014786500,VALIANT 'R',CH,10.81,14.74,32.77,40.82,37.16,38.02,37.56,45.35,44.29,47.59,46.35,42.06,39.64,40.81,41.79,38.84
CH0014852781,SWISS LIFE HOLDING,CH,31.02,58.09,52.81,62.3,48.7,54.27,62.26,51.61,59.63,62.13,62.81,71.2,68.18,64.97,71.08,70.14
CH0018294154,PSP SWISS PROPERTY AG,CH,27.65,22.19,27.09,23.14,20.64,16.69,22.73,21.83,22.82,19.75,29.5,39.46,39.89,50.35,66.51,62.02
CH0022268228,EFG INTERNATIONAL N,CH,13.98,10.39,20.71,22.68,24.52,17.5,16.58,22.28,21.51,20.75,17.91,11.46,24.39,16.12,27.5,30.91
CH0024608827,PARTNERS GROUP HOLDING,CH,19.92,23.42,19.22,16.7,9.89,18.3,17.74,16.67,18.81,17.99,48.35,48.74,51.56,50.2,63.32,74.67
CH0024638212,SCHINDLER 'R',CH,52.5,39.38,45.66,47.15,43.09,41.1,39.04,39.05,50.16,38.92,46.61,50.65,52.42,53.11,55.09,54.7
CH0025238863,KUEHNE UND NAGEL INTERNATIONAL,CH,32.08,26.45,52.0,53.35,55.16,56.02,44.56,52.0,57.67,55.62,67.27,69.2,74.19,71.29,75.37,74.05
CH0025751329,LOGITECH 'R',CH,9.71,14.1,11.54,17.72,20.74,15.37,16.62,14.52,22.01,66.91,70.87,68.13,72.53,71.75,80.06,77.09
CH0030170408,GEBERIT 'R',CH,84.07,84.16,86.93,85.47,88.44,93.2,92.32,86.45,89.32,81.72,90.54,93.75,93.1,95.25,94.36,92.66
CH0038388911,SULZER 'R',CH,55.2,57.02,77.08,81.15,87.2,80.82,85.71,84.63,75.39,53.97,48.38,36.95,60.25,57.52,74.27,71.72
CH0038863350,NESTLE 'N',CH,82.55,89.34,94.3,95.32,96.48,97.49,97.04,96.0,97.55,97.11,97.22,96.32,96.53,97.12,88.83,
CH0044328745,CHUBB,CH,24.35,42.17,39.75,48.64,43.54,35.94,31.71,30.42,35.17,45.94,43.18,42.28,43.04,35.86,37.8,54.26
CH0048265513,TRANSOCEAN,CH,23.68,30.14,31.31,28.46,44.7,43.11,37.05,42.07,27.87,70.34,61.38,67.72,59.41,49.95,47.04,
CH0102484968,JULIUS BAER GRUPPE,CH,23.03,30.75,35.42,30.38,42.57,35.84,29.74,25.85,34.63,45.3,58.09,54.8,53.05,68.29,65.76,65.28
CH0114405324,GARMIN,CH,50.55,36.15,46.5,36.38,36.18,60.98,61.33,60.19,62.96,61.87,63.07,57.2,65.13,65.64,62.38,70.77
CH0126881561,SWISS RE,CH,81.85,68.64,65.86,65.5,71.44,70.21,73.48,81.97,72.12,73.76,64.79,62.18,74.52,76.09,80.34,78.56
CH0210483332,RICHEMONT N,CH,72.18,67.51,67.7,69.6,69.33,70.85,76.38,79.84,71.89,68.92,68.04,66.28,67.08,65.33,66.96,81.57
CH0244767585,UBS GROUP,CH,79.44,80.22,76.87,79.49,84.51,85.02,84.56,84.23,87.1,86.26,85.31,85.14,84.61,84.73,84.06,84.55
CH0418792922,SIKA,CH,31.84,29.56,22.63,28.92,24.97,17.33,21.46,32.65,49.88,50.68,58.85,54.27,76.14,72.41,72.49,
CH1169151003,GEORG FISCHER,CH,63.5,78.07,85.79,86.65,84.66,82.76,86.71,82.31,87.42,86.55,88.92,87.79,87.06,86.91,89.01,84.72
CH1175448666,STRAUMANN HLDG.,CH,50.07,46.85,50.01,67.81,59.0,62.56,59.32,75.38,79.6,77.98,74.5,78.18,74.45,80.78,75.55,73.04
CH1256740924,SGS 'N',CH,36.21,55.4,77.42,85.07,90.78,84.06,90.0,92.61,91.07,90.83,96.41,93.33,91.8,91.31,91.23,89.73
DE0005089031,UNITED INTERNET,DE,12.11,17.92,14.85,13.35,14.17,13.39,14.02,14.52,15.12,14.01,30.67,28.5,42.99,38.77,37.44,59.24
DE0005140008,DEUTSCHE BANK,DE,75.98,75.36,89.65,89.37,84.98,89.67,86.18,88.09,86.81,85.92,83.33,82.54,86.31,86.85,85.62,88.87
DE0005190003,BMW,DE,78.5,87.65,88.28,82.84,83.39,78.08,84.78,83.89,82.74,83.48,84.48,82.21,85.87,84.19,93.73,92.73
DE0005200000,BEIERSDORF,DE,43.83,59.26,61.02,59.83,63.14,56.64,45.96,47.39,54.5,60.1,64.28,61.84,57.84,60.06,65.96,65.08
DE0005439004,CONTINENTAL,DE,54.16,44.01,50.5,52.27,85.47,88.77,87.87,84.51,81.36,85.93,88.0,80.3,81.76,80.54,79.65,77.93
DE0005470405,LANXESS,DE,19.25,30.18,28.07,40.81,55.35,65.16,70.64,68.46,70.43,64.69,73.99,86.39,87.73,88.09,87.68,87.72
DE0005552004,DEUTSCHE POST,DE,54.02,84.89,69.27,72.48,86.16,85.35,86.36,84.41,88.86,94.27,94.15,95.08,94.34,89.94,91.74,85.12
DE0005557508,DEUTSCHE TELEKOM,DE,73.02,89.19,89.17,84.67,72.62,74.95,74.41,68.99,85.27,85.77,86.49,90.05,92.51,94.33,92.18,92.17
DE0005773303,FRAPORT,DE,51.91,68.89,62.43,91.4,88.19,89.19,91.71,94.85,96.79,96.78,97.18,96.28,96.4,94.05,90.45,88.12
DE0005785604,FRESENIUS,DE,29.99,37.76,58.82,58.36,56.04,49.77,47.42,50.26,55.77,54.16,77.61,87.84,77.62,86.22,84.8,83.36
DE0005785802,FRESENIUS MED.CARE,DE,70.12,71.35,69.86,65.1,69.78,60.98,57.74,59.2,64.74,75.05,71.17,80.62,77.84,84.83,84.87,86.09
DE0005810055,DEUTSCHE BOERSE,DE,29.95,34.82,49.27,55.93,56.43,61.99,61.26,64.4,63.32,59.72,61.66,60.42,66.03,64.6,62.07,
DE0005909006,BILFINGER BERGER,DE,18.38,19.79,18.8,33.97,29.42,50.54,45.9,58.59,76.57,53.54,84.21,80.36,74.06,73.86,76.89,75.94
DE0006047004,HEIDELBERG MATERIALS,DE,42.09,47.33,48.81,61.11,49.09,75.45,67.08,75.97,76.86,79.53,74.32,72.57,73.05,78.59,78.34,77.23
DE0006048432,HENKEL PREFERENCE,DE,43.07,74.69,75.84,95.68,92.76,92.27,94.37,93.6,92.72,93.08,90.82,89.12,88.7,92.84,93.0,92.89
DE0006070006,HOCHTIEF,DE,52.06,82.29,79.6,88.04,83.05,80.86,80.8,93.49,95.49,94.75,96.12,93.61,93.46,93.12,92.57,91.42
DE0006202005,SALZGITTER,DE,18.52,17.84,27.83,27.86,26.59,21.35,18.88,21.01,16.63,16.54,48.88,44.88,51.59,54.99,68.23,68.94
DE0006231004,INFINEON TECHNOLOGIES,DE,54.22,35.8,36.15,64.53,80.63,83.01,87.5,86.95,89.33,94.52,92.07,86.26,85.05,83.77,82.53,80.04
DE0006569908,MLP,DE,38.62,46.26,43.78,47.19,34.1,32.84,35.69,30.11,33.95,26.99,45.21,42.15,47.57,60.27,60.65,54.68
DE0006599905,MERCK KGAA,DE,31.66,85.0,80.78,68.47,64.36,76.19,78.52,82.97,96.74,96.1,96.27,96.85,97.45,96.45,96.79,95.78
DE0006602006,GEA GROUP,DE,18.34,14.7,22.6,23.23,23.87,21.74,18.55,16.35,28.18,32.87,69.25,71.34,68.57,70.34,73.39,90.54
DE0006969603,PUMA,DE,60.31,73.93,60.7,73.66,71.14,78.5,76.12,83.92,87.35,84.65,86.42,83.14,83.18,81.32,84.99,85.41
DE0007030009,RHEINMETALL,DE,22.16,27.04,23.65,30.01,26.32,33.33,39.56,39.31,52.22,45.76,45.62,41.44,73.06,85.82,84.02,87.25
DE0007037129,RWE,DE,80.7,77.09,74.89,81.39,68.17,55.72,60.85,59.67,65.49,63.81,71.28,66.28,68.13,60.18,57.71,54.65
DE0007042301,RHOEN-KLINIKUM,DE,42.34,43.32,43.46,38.13,43.33,45.23,43.28,32.33,37.62,42.49,42.33,48.97,46.35,46.09,46.12,44.48
DE0007100000,MERCEDES-BENZ GROUP N,DE,87.08,93.51,90.91,93.61,96.54,97.87,97.99,96.52,96.27,95.95,95.43,95.52,89.83,89.31,89.17,88.65
DE0007164600,SAP,DE,73.79,85.51,74.92,83.74,96.6,97.07,97.1,95.99,94.69,98.2,96.14,95.92,95.1,96.22,97.32,90.87
DE0007236101,SIEMENS,DE,79.73,86.67,82.55,86.78,87.14,79.16,78.99,78.14,82.38,79.7,78.15,79.95,79.59,81.36,81.36,81.59
DE0007257503,CECONOMY,DE,80.8,82.22,83.95,82.93,83.91,81.55,77.52,71.22,80.56,89.21,88.79,55.67,54.77,64.54,78.39,77.39
DE0007297004,SUEDZUCKER,DE,18.71,15.63,19.09,16.04,25.78,23.32,32.22,50.75,45.24,67.43,57.01,60.6,71.28,72.44,72.77,68.34
DE0007314007,HEIDELB.DRUCKMASCHINEN,DE,19.36,22.74,45.44,39.54,42.03,24.67,22.75,27.54,31.04,28.72,38.51,48.29,53.15,52.15,45.86,45.43
DE0007500001,THYSSENKRUPP,DE,25.69,32.54,48.15,53.24,64.89,72.06,67.21,65.59,74.99,75.74,71.73,67.85,76.9,74.39,73.68,71.06
DE0007664039,VOLKSWAGEN PREF.,DE,53.27,60.08,53.36,78.89,85.57,87.64,82.56,84.66,82.11,84.36,92.4,91.28,95.14,92.26,90.23,90.66
DE0008232125,DEUTSCHE LUFTHANSA,DE,57.3,62.36,59.72,63.64,77.17,79.27,78.81,79.68,80.07,82.23,83.32,83.48,82.12,79.57,89.39,88.23
DE0008402215,HANNOVER RUECK,DE,26.36,68.91,58.64,57.46,53.94,64.83,74.27,83.37,87.52,73.59,73.38,71.27,71.06,70.73,71.39,71.16
DE0008404005,ALLIANZ,DE,69.94,77.41,83.93,80.94,81.84,81.04,87.71,85.76,85.52,84.97,81.62,93.69,92.73,92.69,89.39,88.49
DE0008430026,MUENCHENER RUCK.,DE,64.89,55.59,66.54,75.03,80.97,78.29,72.91,79.63,80.85,81.03,84.12,77.52,82.86,88.34,80.79,87.5
DE000A0D9PT0,MTU AERO ENGINES HLDG.,DE,26.6,22.94,23.91,41.79,47.99,40.77,40.18,40.78,80.58,92.24,83.21,80.46,77.65,84.33,77.0,81.61
DE000A0S8488,HAMB.HAFEN UD.LOGISTIK,DE,23.06,18.51,16.24,35.59,40.37,47.55,51.4,49.23,44.59,45.32,48.77,57.24,74.33,75.52,72.03,71.08
DE000A1EWWW0,ADIDAS,DE,71.77,80.85,85.54,87.47,94.05,93.7,94.74,90.45,97.96,95.82,94.15,93.31,92.73,93.52,93.47,93.71
DE000BASF111,BASF,DE,69.38,69.46,86.17,89.74,87.44,90.46,89.45,91.82,83.99,80.25,79.9,92.18,93.01,93.15,93.14,94.15
DE000BAY0017,BAYER,DE,86.7,90.28,88.23,91.76,90.83,90.63,92.16,95.21,94.34,96.31,97.22,96.67,97.19,96.94,97.44,97.53
DE000CBK1001,COMMERZBANK,DE,53.23,61.09,60.77,62.77,65.0,74.51,73.41,76.72,68.53,74.07,74.03,71.95,70.07,74.01,72.36,72.69
DE000CLS1001,MCKESSON EUROPE DEAD - DELIST.15/06/23,DE,29.16,26.03,33.64,39.52,46.24,39.75,39.91,51.16,48.42,47.23,49.76,52.34,55.32,59.04,58.33,
DE000ENAG999,E ON N,DE,63.45,72.11,71.23,74.38,81.88,71.23,75.99,74.42,76.22,79.0,71.12,82.88,83.03,80.27,78.03,74.53
DE000KSAG888,K + S,DE,66.64,59.75,48.34,54.94,53.91,52.88,61.24,60.47,43.9,46.49,64.6,74.04,76.03,75.98,76.94,80.4
DE000PSM7770,PROSIEBENSAT 1 MEDIA,DE,39.35,45.03,42.46,43.83,48.66,45.64,47.47,54.59,61.96,61.34,61.84,70.04,67.66,66.86,64.31,61.31
DE000TUAG505,TUI N,DE,37.71,58.06,57.8,60.32,57.9,65.39,64.05,74.25,68.69,77.22,76.66,80.61,82.39,80.63,79.19,81.09
DK0010181759,CARLSBERG B,DK,9.85,42.13,58.94,63.36,77.23,73.14,72.63,75.96,72.74,70.5,74.67,70.94,80.67,83.01,78.84,79.88
DK0010219153,ROCKWOOL B,DK,6.83,25.75,53.38,51.72,44.8,53.97,54.55,57.28,67.07,68.16,70.56,75.38,75.67,68.7,72.36,62.9
DK0010234467,FLSMIDTH AND CO.,DK,19.92,32.1,27.78,52.12,50.23,55.07,68.66,77.32,71.84,66.77,60.23,65.92,59.51,55.26,58.04,56.19
DK0010244508,A P MOLLER MAERSK B,DK,28.72,36.18,54.02,53.32,63.6,64.48,51.42,50.89,68.36,61.83,63.53,55.3,59.22,58.6,58.16,59.23
DK0010272632,GN STORE NORD,DK,11.41,21.96,33.92,35.27,54.43,49.73,49.88,53.2,53.15,72.98,64.55,61.72,68.65,72.66,71.33,71.06
DK0010274414,DANSKE BANK,DK,50.13,56.22,64.2,63.65,69.97,65.39,66.16,62.35,60.75,62.62,66.43,65.75,61.77,64.14,61.35,62.13
DK0010287663,NKT,DK,18.71,34.41,53.76,24.9,21.84,35.01,41.09,36.7,27.86,24.28,29.75,66.66,65.01,74.72,73.02,68.66
DK0010307958,JYSKE BANK,DK,2.72,7.19,7.57,13.34,15.52,16.1,20.15,30.13,35.16,40.56,42.09,40.04,40.6,37.14,40.35,40.43
DK0010311471,SYDBANK,DK,9.73,10.73,14.4,13.73,6.09,9.35,10.81,14.54,15.64,29.33,37.61,35.03,30.98,49.26,42.02,33.62
DK0060079531,DSV,DK,11.19,5.8,2.37,29.71,46.56,45.77,49.07,65.39,71.03,70.1,70.84,67.43,72.53,68.52,70.68,78.51
DK0060336014,NOVOZYMES B,DK,64.72,58.65,71.76,77.33,74.0,73.45,73.45,83.79,82.4,82.4,81.99,82.33,78.13,81.99,79.63,75.78
DK0060448595,COLOPLAST B,DK,41.12,59.62,71.7,69.68,65.5,74.57,73.64,83.15,94.71,93.98,85.19,84.9,81.93,83.33,83.0,87.57
DK0060477503,TOPDANMARK,DK,18.15,40.16,39.9,37.46,39.61,38.9,39.79,41.86,44.83,45.11,50.25,48.91,48.95,51.29,76.47,77.04
DK0060636678,TRYG,DK,39.14,46.5,41.19,57.54,48.56,41.3,46.73,44.3,46.26,54.48,54.01,52.27,58.96,59.22,57.25,57.21
DK0060738599,DEMANT,DK,3.91,1.58,4.08,19.45,15.05,42.35,40.16,53.33,59.01,66.39,69.12,67.79,66.36,66.88,65.86,65.01
DK0061539921,VESTAS WINDSYSTEMS,DK,36.19,44.26,64.02,63.9,70.67,54.7,58.5,57.26,53.7,65.89,83.02,81.3,80.2,82.24,74.12,70.09
DK0061804697,H LUNDBECK A,DK,23.0,28.89,26.99,36.17,36.36,43.43,48.8,54.96,49.15,47.66,58.38,60.32,61.25,62.71,61.76,59.3
ES0109427734,ATRESMEDIA CORP,ES,51.98,55.26,51.44,53.7,86.06,85.39,89.38,97.21,96.1,93.56,93.18,91.28,90.01,89.83,89.86,91.22
ES0112501012,EBRO FOODS,ES,30.84,41.8,51.53,50.18,49.43,48.62,49.1,78.45,81.22,78.65,75.69,76.32,78.53,82.97,82.89,82.59
ES0113211835,BBV.ARGENTARIA,ES,84.18,89.09,89.16,84.53,82.45,81.1,80.63,84.92,90.87,87.26,89.86,85.54,81.2,80.59,83.06,89.46
ES0113679I37,BANKINTER 'R',ES,73.07,82.05,79.44,73.02,67.72,64.74,66.91,59.78,59.54,64.11,65.71,64.54,69.27,73.75,75.76,78.9
ES0113860A34,BANCO DE SABADELL,ES,74.55,73.66,62.88,68.79,63.31,66.59,62.03,63.06,64.83,61.16,62.12,72.85,71.42,73.97,88.25,91.43
ES0113900J37,BANCO SANTANDER,ES,72.11,81.2,83.87,84.37,81.66,77.6,80.9,84.26,84.92,89.68,91.73,89.66,92.75,93.03,94.94,95.34
ES0116870314,NATURGY ENERGY,ES,84.19,90.73,86.57,93.33,90.44,91.44,92.96,90.01,93.22,91.4,96.47,96.5,96.02,92.98,91.92,93.44
ES0117160111,CORPORACION FINCA.ALBA,ES,3.67,6.12,8.64,4.45,7.5,4.18,5.12,3.3,4.62,17.82,22.47,18.07,64.37,67.61,66.67,61.69
ES0118594417,INDRA SISTEMAS,ES,68.45,68.56,89.05,84.32,72.36,74.85,75.54,86.99,91.09,87.55,88.99,86.3,85.25,82.47,93.92,92.72
ES0122060314,FOMENTO CONSTR.Y CNTR.,ES,74.67,87.82,86.43,86.57,91.31,88.08,88.45,84.35,85.91,88.03,85.76,84.42,92.33,91.04,89.85,
ES0124244E34,MAPFRE,ES,35.39,72.42,76.4,65.83,75.25,84.16,82.19,85.89,88.31,88.55,93.14,92.81,91.36,90.55,88.91,89.07
ES0125220311,ACCIONA,ES,92.12,85.77,88.83,92.46,92.92,88.15,85.47,88.06,86.01,92.97,92.43,94.91,98.08,97.97,98.19,97.85
ES0130670112,ENDESA,ES,81.3,87.39,91.49,89.35,89.15,82.69,88.04,89.89,90.57,93.32,91.5,89.86,89.77,90.87,89.49,88.39
ES0130960018,ENAGAS,ES,34.48,84.73,86.67,89.4,85.26,90.4,83.35,82.13,86.01,83.13,85.02,88.42,86.94,87.6,84.78,
ES0132105018,ACERINOX 'R',ES,22.33,24.91,31.51,32.45,55.31,67.72,61.71,46.69,47.94,69.38,64.87,75.19,76.68,77.6,76.49,75.65
ES0134950F36,FAES FARMA,ES,8.22,1.57,2.55,3.5,2.14,1.76,0.43,2.04,0.9,1.55,44.37,39.24,41.75,64.6,78.49,
ES0144580Y14,IBERDROLA,ES,89.16,84.39,88.22,86.67,86.02,79.76,83.05,88.9,89.98,90.72,92.3,90.04,91.99,91.18,93.93,90.89
ES0148396007,INDITEX,ES,56.17,74.31,77.86,77.23,78.3,91.83,92.49,98.19,97.38,97.75,97.66,98.14,97.33,96.72,96.09,96.15
ES0152503035,MEDIASET ESPANA COMUNICACION,ES,78.65,75.8,70.13,74.56,66.72,75.81,70.27,69.78,65.17,68.81,75.22,90.36,88.87,88.98,87.16,
ES0161560018,NH HOTEL GR,ES,37.13,76.66,78.31,86.48,85.51,88.44,86.3,81.97,84.45,93.01,91.0,93.57,94.44,94.58,95.01,94.69
ES0167050915,ACS ACTIV.CONSTR.Y SERV.,ES,86.29,83.54,80.79,84.59,83.58,74.81,77.99,85.52,87.2,84.83,87.06,88.66,88.23,93.83,92.66,
ES0171743901,PROMOTORA DE INFIC. 'A' (GRUPO PRISA),ES,24.75,59.69,50.84,51.76,65.15,59.36,75.07,75.79,73.2,76.24,63.83,70.59,70.98,74.73,69.03,91.02
ES0171996087,GRIFOLS ORD CL A,ES,25.02,35.99,29.45,32.37,32.42,35.78,40.92,42.87,47.43,57.28,59.75,72.1,87.25,87.39,87.77,
ES0173093024,REDEIA CORPORACION,ES,77.8,89.74,86.06,89.97,80.83,72.18,67.28,76.57,85.73,87.71,85.7,84.55,90.67,88.51,88.57,87.94
ES0173516115,REPSOL YPF,ES,79.84,89.9,93.0,89.07,85.72,80.46,80.84,75.81,84.64,87.34,79.86,87.73,90.53,88.11,90.51,
ES0178430E18,TELEFONICA,ES,92.64,92.21,94.17,90.95,90.05,88.58,93.5,93.77,96.14,97.64,93.9,94.62,94.69,94.66,91.11,94.49
ES0182870214,SACYR,ES,66.25,59.62,57.81,55.12,63.33,61.89,76.51,74.15,64.46,68.13,64.47,72.75,74.54,92.73,95.93,
ES0184933812,ZARDOYA OTIS DEAD - DELIST.09/05/22,ES,34.27,41.09,50.0,45.79,43.96,37.66,37.16,39.69,31.22,38.09,38.79,39.48,45.37,60.68,56.94,
FI0009000202,KESKO B,FI,73.0,81.31,82.41,85.25,82.41,83.97,81.59,82.13,83.01,81.29,74.57,68.76,77.41,79.84,78.92,77.39
FI0009000277,TIETOEVRY,FI,71.29,67.6,67.69,73.39,73.05,76.37,62.39,73.78,82.27,90.15,82.18,90.53,89.56,88.32,86.5,83.37
FI0009000681,NOKIA,FI,36.98,55.38,67.34,83.3,87.33,85.55,86.81,84.41,90.01,88.16,87.19,88.21,89.65,87.05,84.56,83.31
FI0009002158,UPONOR,FI,32.97,32.61,36.5,33.07,28.42,29.74,30.22,27.57,29.46,51.54,62.17,49.53,50.38,49.86,68.56,81.85
FI0009002422,OUTOKUMPU 'A',FI,39.49,47.37,74.53,58.01,55.99,46.92,56.16,68.34,65.43,68.99,64.7,85.24,85.03,83.55,77.39,74.97
FI0009003727,WARTSILA,FI,68.32,63.04,76.92,67.74,65.11,65.01,68.72,71.27,77.69,69.67,73.95,71.02,84.99,80.86,82.03,81.51
FI0009005318,NOKIAN RENKAAT,FI,12.85,12.6,11.17,14.45,24.56,25.28,26.61,26.39,45.67,44.36,72.99,66.46,70.88,72.54,72.55,67.45
FI0009005870,KONECRANES,FI,3.63,8.26,7.45,33.58,34.08,37.32,37.51,47.95,44.37,48.31,48.05,59.81,76.63,75.51,75.61,84.57
FI0009005961,STORA ENSO R,FI,59.4,69.12,69.36,72.51,70.66,71.89,76.16,76.63,84.12,85.9,82.03,84.48,87.23,87.98,87.28,88.45
FI0009005987,UPM-KYMMENE,FI,68.67,65.31,65.86,55.08,46.18,38.82,49.18,49.11,79.63,83.3,83.11,93.05,93.53,93.68,93.22,92.52
FI0009007132,FORTUM,FI,49.08,61.74,58.03,63.05,54.56,55.46,49.95,60.49,63.99,60.21,59.25,52.98,53.04,54.72,46.4,46.46
FI0009007694,SANOMA,FI,30.28,25.81,26.79,50.0,52.31,54.44,52.98,75.8,73.17,77.14,67.72,70.37,77.78,90.21,87.58,86.66
FI0009007884,ELISA,FI,24.83,25.58,28.92,25.81,44.19,47.11,46.57,48.39,48.34,45.14,50.97,47.81,50.49,49.85,45.23,43.9
FI0009013296,NESTE,FI,55.86,68.06,69.47,67.49,70.72,69.44,66.41,68.81,74.67,74.69,77.15,78.28,75.73,68.17,79.5,80.01
FI0009013403,KONE B,FI,34.56,39.15,36.49,37.87,63.26,59.08,60.71,57.18,65.18,81.35,72.21,77.6,78.86,85.83,82.9,85.57
FI0009013429,CARGOTEC B,FI,45.85,41.69,37.9,57.31,50.53,54.03,50.83,56.52,57.14,58.33,59.23,76.75,76.9,76.63,75.69,76.55
FI0009800643,YIT,FI,16.76,24.35,23.89,27.94,45.03,53.93,60.66,51.17,64.41,63.38,68.41,73.33,71.48,76.11,71.35,70.67
FI4000297767,NORDEA BANK,FI,37.39,49.63,44.62,53.78,58.12,58.19,56.44,53.45,51.91,68.4,71.3,70.57,69.71,66.67,70.2,69.29
FI4000440664,NELES DEAD - DELIST.01/04/22,FI,55.94,54.08,61.09,72.7,63.54,64.08,66.41,86.16,86.78,83.19,84.44,81.45,77.12,71.67,84.75,
FR0000035081,ICADE REIT,FR,35.45,37.8,33.97,31.87,31.0,39.36,38.37,40.78,41.16,47.15,69.61,67.98,66.48,77.35,75.78,75.56
FR0000039109,SECHE ENVIRONNEMENT,FR,25.93,32.71,31.17,32.68,33.46,41.89,42.93,66.49,63.37,67.35,71.94,71.46,65.17,63.52,61.67,60.93
FR0000044448,NEXANS,FR,26.78,43.67,42.58,40.73,46.86,49.54,44.99,48.94,53.8,55.93,58.73,86.78,86.47,72.27,71.51,75.97
FR0000045072,CREDIT AGRICOLE,FR,62.69,65.77,60.7,63.09,64.03,68.79,67.08,61.77,61.29,60.12,74.64,70.85,75.71,74.77,69.92,
FR0000051732,ATOS,FR,47.35,46.11,54.04,47.87,60.6,60.79,65.48,80.21,81.2,85.28,85.91,86.59,84.59,87.18,88.78,
FR0000052292,HERMES INTL.,FR,34.62,26.22,29.42,28.44,39.23,49.47,41.03,35.87,32.45,30.65,47.68,51.23,57.41,67.39,65.95,64.34
FR0000053225,M6-METROPOLE TV,FR,24.57,27.99,25.83,25.03,53.97,54.99,66.14,73.1,68.22,71.73,71.65,68.42,67.98,70.51,78.25,68.06
FR0000054470,UBISOFT ENTERTAINMENT CAT A,FR,22.17,21.84,20.32,11.8,9.8,14.91,17.95,29.31,37.6,57.16,59.85,59.31,57.85,64.44,63.31,56.58
FR0000054900,TF1 (TV.FSE.1),FR,53.15,69.54,73.94,73.69,77.45,76.12,71.78,83.75,79.4,85.51,86.56,86.73,88.0,90.0,94.71,94.48
FR0000064578,COVIVIO,FR,26.55,31.59,33.22,38.56,52.88,53.4,54.3,53.45,58.33,46.36,44.17,43.48,62.31,57.99,58.7,
FR0000073272,SAFRAN,FR,32.66,40.37,39.29,36.37,41.07,39.84,50.42,50.04,47.54,48.61,71.17,72.39,71.82,72.26,74.96,81.61
FR0000077919,JCDECAUX,FR,53.02,66.21,61.49,53.14,68.54,81.53,73.79,77.31,78.73,90.24,85.24,85.29,84.04,83.2,82.43,81.12
FR0000120073,L AIR LQE.SC.ANYME. POUR L ETUDE ET L EPXTN.,FR,24.6,36.01,38.98,39.55,41.5,38.34,37.4,38.1,60.92,52.81,58.97,70.73,90.7,90.84,87.16,93.0
FR0000120172,CARREFOUR,FR,78.96,82.29,80.04,81.32,82.49,77.72,76.22,85.1,86.27,87.15,93.67,89.38,85.11,84.85,87.67,86.33
FR0000120222,CNP ASSURANCES DEAD - DELIST.20/06/22,FR,58.43,67.62,61.15,69.33,64.4,62.72,62.44,63.03,65.86,64.76,76.62,75.74,75.93,84.1,77.08,
FR0000120271,TOTALENERGIES,FR,57.8,61.96,66.97,61.85,93.24,87.86,89.51,93.44,94.13,95.57,93.16,84.01,83.77,90.11,87.26,88.41
FR0000120321,L'OREAL,FR,93.39,83.85,89.34,93.07,88.65,91.62,94.2,91.29,88.61,90.39,85.99,85.59,87.44,87.31,88.53,89.04
FR0000120404,ACCOR,FR,53.29,46.88,54.34,58.83,63.24,58.2,58.25,66.01,87.67,87.23,88.45,85.37,90.74,88.15,88.16,88.91
FR0000120503,BOUYGUES,FR,49.99,79.58,84.71,89.05,88.55,84.81,91.44,88.52,90.24,91.63,92.5,93.61,92.22,90.25,86.98,88.76
FR0000120560,QUADIENT,FR,6.07,5.97,11.03,12.01,17.89,17.01,20.18,20.18,16.31,35.09,61.12,71.95,72.27,70.79,93.56,91.81
FR0000120578,SANOFI,FR,80.42,79.2,81.57,79.94,91.9,92.93,93.72,89.48,88.7,88.57,91.75,91.64,92.33,92.29,91.83,91.56
FR0000120628,AXA,FR,84.76,77.69,85.88,84.79,81.51,87.12,85.03,92.98,92.24,92.54,82.09,88.83,87.11,80.46,78.04,72.48
FR0000120644,DANONE,FR,85.3,92.59,93.92,90.3,93.66,91.97,88.77,88.54,88.48,87.58,85.03,84.99,81.39,86.0,86.56,87.5
FR0000120693,PERNOD-RICARD,FR,37.52,38.27,38.77,36.77,34.87,53.33,58.15,58.16,57.76,74.38,72.48,72.71,69.13,62.54,62.8,60.61
FR0000120859,IMERYS,FR,79.71,69.63,74.34,75.51,76.28,76.56,82.93,79.27,81.14,83.65,87.12,86.26,90.93,90.67,88.2,82.77
FR0000120966,BIC,FR,82.79,85.53,91.95,89.95,85.64,83.61,82.55,88.9,93.1,97.07,95.1,95.26,88.11,87.93,83.55,83.93
FR0000121014,LVMH,FR,55.18,56.89,47.27,57.73,76.24,74.01,69.79,77.51,77.48,78.21,73.67,73.04,83.21,81.46,80.76,81.92
FR0000121121,EURAZEO,FR,14.72,23.2,19.38,20.88,29.15,33.0,22.7,32.75,55.23,60.21,54.74,50.23,46.66,75.37,76.0,73.85
FR0000121204,WENDEL,FR,15.02,15.73,13.23,19.57,19.68,23.48,28.92,44.54,66.8,80.3,83.61,83.99,88.04,88.9,87.29,89.67
FR0000121220,SODEXO,FR,77.38,90.69,94.76,94.05,93.43,93.77,93.38,93.06,93.08,95.67,95.03,94.04,89.05,90.22,87.55,86.76
FR0000121329,THALES,FR,46.23,37.46,50.51,42.59,56.24,62.36,56.95,53.23,53.85,59.1,57.73,58.23,64.26,64.96,79.13,78.99
FR0000121485,KERING,FR,91.2,87.16,65.38,68.99,79.42,82.11,83.82,85.18,80.82,92.42,93.46,94.13,96.19,95.57,95.46,94.56
FR0000121667,ESSILORLUXOTTICA,FR,58.05,50.07,49.05,49.67,47.05,47.03,51.34,53.86,49.34,57.19,87.3,87.18,81.96,81.3,79.51,78.94
FR0000121964,KLEPIERRE REIT,FR,45.2,45.07,43.73,42.82,44.27,50.96,49.68,85.62,91.51,93.73,91.06,90.86,84.21,79.4,76.31,80.3
FR0000121972,SCHNEIDER ELECTRIC,FR,36.64,40.53,60.0,59.66,62.8,60.95,60.87,62.12,81.05,84.07,83.83,82.0,84.6,84.31,83.89,83.35
FR0000124141,VEOLIA ENVIRON,FR,56.6,65.55,78.28,77.69,76.99,77.84,81.21,90.27,92.35,88.47,91.29,73.83,81.02,74.38,70.06,75.43
FR0000125007,SAINT GOBAIN,FR,40.48,60.73,38.7,57.06,62.2,61.13,72.25,84.45,85.55,82.79,76.15,72.07,79.85,71.87,84.76,
FR0000125338,CAPGEMINI,FR,61.9,65.09,58.74,57.04,58.12,57.99,57.21,61.05,74.29,84.36,84.53,90.85,90.57,89.38,91.6,89.75
FR0000125486,VINCI,FR,67.31,62.11,71.21,57.72,53.02,40.73,35.13,38.29,38.24,73.82,72.74,73.25,65.81,69.94,70.78,71.74
FR0000125585,CASINO GUICHARD-P,FR,66.74,64.86,64.92,69.13,70.77,73.97,71.75,74.71,74.97,75.74,91.49,92.58,92.46,90.58,88.92,87.48
FR0000127771,VIVENDI,FR,48.99,58.67,74.73,83.38,77.69,82.34,84.23,84.34,89.98,91.98,92.94,91.97,90.35,91.04,90.45,89.29
FR0000130213,LAGARDERE GROUPE,FR,81.08,75.95,85.57,83.32,82.75,86.26,71.21,62.51,58.55,62.18,58.98,83.41,81.72,81.83,81.17,79.68
FR0000130403,CHRISTIAN DIOR,FR,42.86,59.46,59.34,60.16,71.36,61.79,71.15,67.81,69.94,71.81,78.08,83.58,82.52,74.84,87.23,90.75
FR0000130452,EIFFAGE,FR,50.46,52.7,48.03,54.91,50.0,55.95,55.63,55.89,73.44,82.44,82.03,81.02,82.19,81.51,83.63,81.31
FR0000130577,PUBLICIS GROUPE,FR,37.0,35.4,78.54,84.94,78.43,66.67,72.56,74.04,88.5,87.55,89.32,86.36,85.82,86.94,85.13,80.76
FR0000130809,SOCIETE GENERALE,FR,80.47,81.99,85.97,86.1,84.15,83.31,82.36,83.9,92.02,89.38,91.31,89.94,87.94,86.96,81.2,78.57
FR0000131104,BNP PARIBAS,FR,57.78,50.71,49.13,60.21,66.53,78.13,79.0,79.07,96.32,97.03,97.67,96.76,96.33,96.6,95.86,
FR0000131757,ERAMET,FR,24.28,25.46,26.71,38.69,45.15,46.19,46.1,41.11,59.77,56.24,54.42,84.54,82.81,81.74,90.13,90.43
FR0000131906,RENAULT,FR,77.92,71.92,69.75,68.42,77.87,71.46,70.48,70.62,82.64,83.17,84.56,83.02,83.26,78.78,83.9,90.88
FR0000133308,ORANGE,FR,76.07,77.23,83.49,81.3,88.42,85.98,88.75,81.07,75.69,72.94,82.14,86.96,92.53,92.88,88.66,90.25
FR0010040865,GECINA,FR,58.06,59.24,57.01,58.81,81.46,71.5,74.34,85.85,91.3,90.98,90.66,93.07,92.65,87.74,88.13,82.93
FR0010220475,ALSTOM,FR,70.86,68.73,76.43,72.87,72.52,83.1,83.06,79.42,84.95,89.31,85.94,83.26,83.63,83.33,89.94,88.03
FR0010221234,EUTELSAT COMMUNICATIONS,FR,20.66,21.67,20.02,15.45,14.97,25.77,29.23,50.73,43.25,49.87,46.27,49.13,67.41,65.8,60.12,69.44
FR0010242511,EDF DEAD - DELIST.08/06/23,FR,71.46,64.46,68.99,75.19,68.76,80.59,72.24,79.95,68.83,78.82,82.33,80.2,77.46,71.25,,
FR0010307819,LEGRAND,FR,48.54,66.41,62.1,64.75,73.0,91.37,90.95,97.99,97.19,95.32,94.97,94.22,92.63,92.65,85.29,83.65
FR0010313833,ARKEMA,FR,12.29,17.93,15.83,26.22,25.43,32.48,37.56,38.65,53.92,52.38,71.88,82.9,82.93,90.16,91.08,92.21
FR0010340141,ADP,FR,48.72,52.33,51.05,54.27,65.43,66.31,70.19,70.65,77.92,82.81,77.94,89.02,80.97,82.98,79.21,81.46
FR0010411983,SCOR SE,FR,25.85,31.49,34.81,31.72,39.36,37.71,39.51,41.1,54.18,63.5,58.23,54.19,57.93,52.32,50.06,44.4
FR0010533075,GETLINK,FR,25.88,41.05,32.51,39.11,39.57,58.63,66.16,74.59,77.34,78.8,81.28,78.95,84.2,90.59,88.9,91.22
FR0013280286,BIOMERIEUX,FR,34.44,38.46,61.13,62.24,63.2,50.59,51.08,61.33,77.91,82.28,80.74,88.36,90.12,92.22,94.83,95.07
FR0013326246,UNIBAIL RODAMCO WE STAPLED UNITS,FR,70.89,83.02,69.03,76.48,84.41,88.75,86.86,89.23,89.73,90.51,90.54,89.59,95.7,95.81,95.24,94.32
FR0013505062,VANTIVA,FR,65.66,60.43,91.12,83.62,78.18,78.57,78.39,82.57,79.06,81.24,80.25,78.14,77.78,80.55,92.21,93.09
FR0013506730,VALLOUREC,FR,24.19,30.86,31.27,47.15,39.43,55.86,52.59,43.52,57.65,46.54,74.25,74.74,80.03,80.7,79.22,73.49
FR00140006O9,SOLOCAL GROUP,FR,26.29,45.45,39.76,36.22,53.35,48.06,48.72,37.78,38.94,41.21,63.98,63.42,78.18,64.28,62.51,63.75
FR0014003TT8,DASSAULT SYSTEMES,FR,77.34,59.7,63.68,65.95,61.41,71.34,64.23,73.5,73.89,84.07,84.66,84.16,84.5,91.85,89.44,94.61
FR001400AJ45,MICHELIN,FR,67.13,58.68,64.39,70.46,69.0,71.1,71.21,82.47,80.35,90.1,91.96,89.59,90.26,89.77,89.24,89.97
GB0000163088,SPEEDY HIRE,GB,22.59,32.3,36.76,43.32,40.93,63.61,66.04,41.82,39.64,50.78,55.42,63.31,56.87,67.41,68.3,60.94
GB0000456144,ANTOFAGASTA,GB,36.68,50.17,54.26,65.14,47.1,50.36,51.22,52.39,72.32,58.96,55.41,83.23,82.9,79.32,81.55,86.24
GB0000536739,ASHTEAD GROUP,GB,14.21,22.53,25.43,36.8,36.55,33.49,34.59,34.66,35.47,37.97,35.08,34.2,55.12,54.76,53.13,50.57
GB0000811801,BARRATT DEVELOPMENTS,GB,24.89,30.63,25.77,30.86,55.31,57.28,48.82,59.63,59.38,58.83,61.4,66.43,73.03,71.53,71.11,73.08
GB0000904986,BELLWAY,GB,17.83,7.67,14.28,19.44,19.77,42.71,45.94,46.59,40.55,37.85,51.27,55.69,58.38,59.64,57.23,48.4
GB0000961622,BALFOUR BEATTY,GB,76.09,65.59,65.99,63.12,80.23,76.75,70.05,60.65,69.84,65.48,68.7,80.66,80.39,79.21,78.34,84.37
GB0001367019,BRITISH LAND,GB,36.19,31.89,35.06,33.35,39.32,42.8,43.98,44.73,59.66,80.62,78.17,75.21,72.79,70.61,54.82,52.81
GB0001638955,WETHERSPOON (JD),GB,51.22,44.52,47.29,46.84,53.17,52.14,54.75,54.6,61.3,65.75,66.91,68.27,63.75,63.62,65.94,64.39
GB0001859296,VISTRY GROUP,GB,44.78,34.99,32.2,26.66,21.2,38.86,38.88,37.25,41.29,53.19,52.07,60.91,56.96,59.29,60.64,
GB0002148343,RATHBONES GROUP,GB,45.84,42.53,42.43,41.67,40.07,39.17,40.53,39.82,50.59,49.24,51.76,53.51,57.93,57.67,56.4,56.4
GB0002374006,DIAGEO,GB,73.2,83.5,80.5,86.1,86.4,81.51,80.85,79.2,82.1,80.16,91.76,91.11,92.36,94.66,94.68,94.76
GB0002634946,BAE SYSTEMS,GB,42.43,46.65,39.12,34.36,55.97,45.63,52.83,47.42,57.65,63.32,66.63,66.63,71.34,62.96,59.84,61.46
GB0002652740,DERWENT LONDON,GB,30.85,48.92,52.43,58.06,54.19,52.52,55.26,36.74,54.39,54.1,53.5,53.12,52.19,54.8,53.11,51.01
GB0002869419,BIG YELLOW GROUP,GB,59.01,54.44,61.7,62.49,59.58,62.05,62.4,64.36,63.89,62.68,66.05,64.39,64.7,64.01,80.21,77.93
GB0002875804,BRITISH AMERICAN TOBACCO,GB,80.78,88.54,88.12,88.87,88.42,77.83,78.77,82.27,86.88,84.43,84.47,89.93,93.27,91.46,93.68,93.34
GB0003096442,RS GROUP,GB,18.19,17.84,31.61,26.19,34.41,42.1,60.56,70.09,65.37,77.72,73.98,73.66,75.51,80.8,78.09,68.08
GB0003308607,SPECTRIS,GB,45.0,43.7,37.33,55.28,62.33,77.37,70.28,75.2,70.61,77.04,80.78,79.41,76.25,83.11,79.35,75.57
GB0003452173,FIRST GROUP,GB,73.88,69.77,78.36,67.09,72.52,70.08,67.16,60.55,63.1,63.14,66.4,73.34,71.39,68.91,55.22,45.48
GB0003753778,GO-AHEAD GROUP DEAD - DELIST.11/10/22,GB,35.92,25.27,24.61,41.16,32.55,48.68,46.45,48.2,48.41,55.52,58.62,56.37,52.21,,,
GB0004052071,HALMA,GB,37.02,27.92,27.61,21.15,21.7,55.36,54.36,59.03,59.07,60.03,54.6,66.58,67.16,55.99,50.07,57.09
GB0004082847,STANDARD CHARTERED,GB,72.52,80.97,79.69,88.83,88.23,93.74,91.92,91.98,89.88,94.26,94.36,91.98,92.62,93.5,93.41,89.05
GB0004161021,HAYS,GB,21.66,38.08,39.77,32.37,20.7,23.67,27.82,28.42,39.05,35.1,36.66,36.53,38.89,38.09,40.33,40.35
GB0004170089,HEADLAM GROUP,GB,17.39,18.15,13.84,14.05,9.83,12.35,13.47,17.19,24.38,20.04,40.18,36.01,48.53,44.2,38.48,39.32
GB0004478896,HUNTING,GB,7.49,10.01,6.45,6.95,20.68,20.16,23.16,26.01,44.08,43.86,65.82,60.83,57.44,51.2,52.06,
GB0004544929,IMPERIAL BRANDS,GB,62.53,63.75,76.81,85.19,80.16,79.57,85.29,83.87,85.97,81.04,76.37,72.0,71.74,68.89,69.41,72.29
GB0004657408,MITIE GROUP,GB,46.95,56.27,58.81,57.13,65.62,70.37,72.35,75.42,67.9,69.12,77.35,78.53,88.96,87.03,86.53,78.61
GB0004726096,SPIRENT COMMUNICATIONS,GB,35.19,42.74,41.39,36.55,28.69,28.13,36.38,46.78,59.03,59.52,62.6,53.84,55.62,50.31,50.54,46.75
GB0004866223,KELLER,GB,8.98,18.92,16.71,19.07,18.46,23.46,25.78,31.29,30.76,30.01,30.48,26.93,31.61,44.09,44.44,51.45
GB0004915632,KIER GROUP,GB,31.03,51.67,54.88,67.1,65.96,64.45,62.69,71.23,57.49,51.19,60.78,57.8,66.16,61.3,65.92,65.84
GB0005405286,HSBC HOLDINGS,GB,60.45,65.72,61.99,57.3,51.68,45.73,58.78,57.2,61.14,65.51,72.41,79.99,78.78,72.07,71.6,70.66
GB0005576813,HOWDEN JOINERY GP.,GB,17.67,22.13,17.24,18.64,21.71,17.62,21.66,20.77,31.37,21.07,31.45,34.48,40.4,41.06,28.51,28.82
GB0005603997,LEGAL & GENERAL,GB,47.59,77.87,74.5,78.24,75.08,76.23,68.06,68.63,74.47,73.45,65.31,74.71,65.34,64.91,63.88,61.84
GB0005758098,MEGGITT DEAD - DELIST.14/09/22,GB,42.55,34.08,27.17,33.38,34.2,35.25,31.33,26.31,32.96,56.87,57.29,57.48,79.03,78.3,,
GB0006027295,MORGAN ADVANCED MRA.,GB,29.63,48.19,47.02,59.15,66.8,61.0,56.39,48.38,52.1,73.95,74.94,71.39,68.12,68.9,73.73,75.04
GB0006215205,MOBICO GROUP,GB,49.12,44.97,43.25,50.25,53.0,67.64,71.33,65.08,54.39,55.34,52.14,46.95,50.25,53.25,52.3,43.41
GB0006731235,ASSOCIATED BRIT.FOODS,GB,35.85,40.86,37.26,67.86,65.63,61.94,73.83,70.28,72.47,70.34,72.67,71.53,75.85,76.35,72.03,
GB0006776081,PEARSON,GB,63.49,52.82,53.12,53.36,79.47,83.1,81.36,78.96,91.77,94.1,94.95,91.91,92.3,90.72,74.97,87.29
GB0006825383,PERSIMMON,GB,49.17,47.07,42.72,40.64,38.27,30.37,22.01,28.41,53.12,58.71,47.62,44.21,53.67,58.11,60.19,59.24
GB0006886666,EUROMONEY INSTL.INVESTOR DEAD - DELIST.25/11/22,GB,19.83,9.35,10.81,10.13,10.24,10.77,10.72,17.24,18.66,18.81,29.77,29.05,24.98,29.24,26.03,
GB0006928617,UNITE GROUP,GB,46.84,67.7,55.56,52.98,53.51,56.27,58.62,65.93,66.26,64.72,84.92,65.28,80.42,68.09,65.99,
GB0007099541,PRUDENTIAL,GB,53.16,55.57,61.99,61.27,66.23,52.69,44.34,51.97,60.79,67.95,73.49,73.77,66.33,63.19,69.84,80.31
GB0007188757,RIO TINTO,GB,78.96,83.8,87.29,89.91,86.13,71.29,78.04,77.97,78.65,80.68,91.0,93.5,92.85,93.02,91.18,89.04
GB0007323586,RENISHAW,GB,14.86,11.93,14.23,13.4,15.19,35.14,43.47,74.21,68.4,67.79,77.48,73.61,74.05,70.87,61.88,61.24
GB0007594764,RPS GROUP DEAD - DELIST.24/01/23,GB,30.8,33.19,28.65,29.28,25.99,23.27,25.54,38.41,56.35,69.02,65.53,69.73,65.14,67.33,55.48,
GB0007668071,CLOSE BROTHERS GROUP,GB,15.63,20.39,28.22,28.86,29.28,35.26,38.65,41.46,44.15,47.53,47.05,52.12,58.72,56.29,55.5,52.72
GB0007669376,ST.JAMES'S PLACE ORD,GB,41.19,35.08,35.41,33.91,35.58,41.9,42.25,42.95,39.75,43.02,45.73,47.1,53.73,55.94,48.67,40.69
GB0007908733,SSE,GB,40.14,41.47,53.14,65.77,72.69,65.99,52.2,49.54,62.08,60.23,66.48,61.33,68.2,73.77,90.47,86.44
GB0007973794,SERCO GROUP,GB,83.7,88.34,78.22,83.94,85.8,77.56,80.5,81.03,82.12,82.96,79.53,77.18,76.49,77.77,84.81,84.52
GB0007980591,BP,GB,94.45,93.74,93.86,93.12,95.37,90.23,93.95,92.29,92.58,95.37,94.67,92.56,89.95,87.82,87.99,82.35
GB0008025412,SIG,GB,35.92,51.86,40.25,47.66,58.89,58.32,57.17,57.58,63.47,65.0,66.41,68.37,67.4,65.13,61.56,66.67
GB0008085614,MORGAN SINDALL GROUP,GB,32.67,28.38,21.87,19.28,20.48,26.65,26.11,34.2,30.03,53.52,56.47,55.9,52.73,67.57,65.86,
GB0008220112,SMITH (DS),GB,18.33,10.6,18.9,19.35,16.83,14.04,20.19,36.67,43.48,54.63,71.35,77.4,78.39,82.88,83.22,0.25
GB0008706128,LLOYDS BANKING GROUP,GB,66.84,76.51,78.15,77.73,83.23,73.49,69.21,78.77,88.94,82.68,83.59,81.66,81.42,83.11,81.49,82.74
GB0008782301,TAYLOR WIMPEY,GB,40.36,37.72,58.38,56.89,55.19,55.82,57.11,47.21,44.73,49.26,49.9,74.42,82.81,81.24,80.17,78.87
GB0009123323,ULTRA ELECTRONICS DEAD - DELIST.02/08/22,GB,8.48,8.66,9.51,8.11,7.72,23.46,24.16,34.3,42.27,45.96,48.73,41.76,35.31,37.53,39.52,
GB0009223206,SMITH & NEPHEW,GB,63.16,61.82,62.57,53.19,58.19,47.45,48.57,47.3,60.55,69.31,77.07,91.25,87.06,87.57,83.83,86.23
GB0009292243,VICTREX,GB,19.89,13.43,12.02,14.06,14.1,17.8,26.43,33.85,24.87,23.32,33.91,38.17,38.24,38.81,36.61,41.01
GB0009465807,WEIR GROUP,GB,43.86,65.21,59.83,75.66,74.57,58.75,66.15,67.98,69.65,68.75,68.94,70.63,78.55,75.9,76.6,78.1
GB0009697037,BABCOCK INTERNATIONAL,GB,29.54,24.15,27.45,25.17,25.14,23.72,25.1,30.32,25.66,22.7,25.18,33.2,34.5,33.45,35.63,36.4
GB0009895292,ASTRAZENECA,GB,80.5,90.62,83.83,84.74,79.07,85.51,82.74,83.78,85.46,87.5,96.8,96.79,97.08,96.97,97.34,97.17
GB0030232317,PAGEGROUP,GB,20.05,20.77,17.53,34.52,26.45,26.23,39.06,43.46,44.59,48.4,48.01,65.58,61.76,60.94,59.05,58.63
GB0030329360,WINCANTON,GB,32.81,35.75,30.93,33.87,32.98,27.75,30.43,33.82,39.45,42.12,47.08,45.3,54.51,55.47,57.87,55.19
GB0030913577,BT GROUP,GB,80.38,73.44,65.91,70.33,73.67,75.06,70.97,83.8,80.78,79.18,76.53,74.67,71.23,69.78,69.31,63.73
GB0031274896,MARKS & SPENCER GROUP,GB,87.7,89.21,91.22,91.79,90.84,92.03,93.9,93.53,94.96,97.14,84.29,78.11,81.6,90.2,87.38,81.63
GB0031348658,BARCLAYS,GB,69.61,76.78,75.92,82.16,81.78,82.66,78.41,75.85,83.18,84.63,86.71,88.35,88.91,88.4,86.49,85.91
GB0031638363,INTERTEK GROUP,GB,46.61,46.49,39.03,48.54,37.59,51.02,47.81,52.11,62.96,53.49,77.0,76.1,85.87,87.31,85.72,84.16
GB0031743007,BURBERRY GROUP,GB,29.15,52.91,53.52,68.61,59.56,55.64,60.62,60.79,49.66,48.33,56.38,57.78,56.67,56.99,59.62,68.94
GB0032089863,NEXT,GB,64.95,71.66,72.49,74.57,71.14,70.22,66.33,65.81,69.49,67.65,68.8,68.93,68.89,72.37,69.35,69.35
GB0033195214,KINGFISHER,GB,68.67,67.95,62.67,63.61,70.91,71.93,65.98,64.79,73.12,74.7,75.29,74.0,70.71,77.47,68.21,66.5
GB0033986497,ITV,GB,43.82,82.69,78.02,89.06,70.68,61.52,66.18,67.68,67.78,57.38,59.78,77.03,76.33,82.54,82.44,81.93
GB00B012BV22,MARSHALLS,GB,26.95,24.54,59.48,63.06,62.9,53.54,49.5,48.01,64.02,68.91,69.18,62.73,66.32,65.95,62.39,74.47
GB00B012TP20,HALFORDS GROUP,GB,55.78,50.04,51.79,59.58,49.05,38.89,42.92,60.92,58.51,66.84,67.76,69.6,63.3,60.08,49.65,53.91
GB00B019KW72,SAINSBURY J,GB,61.83,63.25,69.17,72.77,67.67,69.54,67.76,68.58,66.82,62.84,51.56,49.78,51.85,56.51,71.18,
GB00B02J6398,ADMIRAL GROUP,GB,25.82,42.54,42.29,43.69,40.88,31.08,39.44,23.13,44.15,42.64,50.8,48.05,47.76,46.01,49.91,33.25
GB00B02QND93,PAYPOINT,GB,11.48,9.44,24.99,12.3,20.25,18.99,30.27,22.65,22.25,28.95,28.18,29.99,34.25,33.81,31.12,29.13
GB00B033F229,CENTRICA,GB,64.63,75.78,76.32,79.59,78.24,70.3,75.36,60.78,72.11,56.47,56.29,64.57,57.1,58.84,59.54,63.27
GB00B04V1276,GRAINGER,GB,58.46,65.25,64.48,65.51,62.92,63.24,65.1,60.66,67.72,64.76,65.04,70.7,70.57,63.72,68.12,65.1
GB00B06QFB75,IG GROUP HOLDINGS,GB,13.05,14.24,38.14,32.65,42.88,39.0,42.96,42.94,36.95,33.69,53.41,53.01,52.93,53.93,57.77,61.56
GB00B0744359,ESSENTRA,GB,69.27,54.1,70.39,71.04,83.73,74.94,81.4,69.79,65.66,71.23,59.14,64.47,69.27,67.55,60.78,51.81
GB00B0744B38,BUNZL,GB,84.4,85.2,67.81,72.99,74.89,47.69,56.11,57.62,41.91,36.46,35.0,37.14,39.18,51.52,53.77,55.02
GB00B082RF11,RENTOKIL INITIAL,GB,53.49,44.99,40.86,54.8,83.23,83.24,75.08,67.05,73.67,70.6,82.44,76.82,76.23,74.63,86.74,86.4
GB00B0FYMT95,HELICAL REIT,GB,37.75,27.36,39.49,41.35,36.32,41.63,49.15,55.85,48.55,41.56,40.21,36.15,49.42,47.34,47.27,43.82
GB00B0H2K534,PETROFAC,GB,14.34,22.82,22.85,43.32,37.68,45.89,47.2,48.92,48.59,64.42,69.35,79.65,77.31,76.17,,61.08
GB00B0KM9T71,STHREE,GB,15.57,24.68,12.73,15.85,17.84,17.83,21.78,22.51,59.27,63.89,64.69,53.14,47.86,43.8,36.13,34.46
GB00B0LCW083,HIKMA PHARMACEUTICALS,GB,13.09,23.94,26.74,56.65,51.98,62.9,61.56,51.15,62.8,56.33,62.82,76.7,76.49,78.6,79.16,73.96
GB00B0N8QD54,BRITVIC,GB,21.48,42.02,45.54,57.62,57.4,70.63,52.78,51.96,70.56,45.42,74.06,67.38,76.33,74.69,77.92,77.4
GB00B0SWJX34,LONDON STOCK EXCHANGE GROUP,GB,31.25,36.5,35.09,36.27,51.48,49.5,46.95,58.93,77.46,77.73,80.83,85.91,86.48,86.12,79.8,84.32
GB00B0WMWD03,QINETIQ GROUP,GB,15.26,38.87,25.29,22.65,18.59,32.87,30.46,24.45,39.38,44.12,45.88,46.04,41.33,56.45,54.64,56.16
GB00B0YG1K06,RESTAURANT GROUP DEAD - DELIST.22/12/23,GB,33.85,29.03,31.53,35.94,35.64,35.95,35.4,39.32,40.36,41.93,41.99,41.53,45.38,40.49,41.98,
GB00B10RZP78,UNILEVER (UK),GB,69.83,86.76,81.24,83.85,83.69,84.58,85.41,87.09,81.73,83.67,95.3,94.92,94.69,94.07,93.11,88.91
GB00B132NW22,ASHMORE GROUP,GB,25.5,29.67,31.38,25.78,24.92,25.68,35.66,33.19,34.11,31.27,34.85,48.8,43.58,39.92,40.82,39.29
GB00B135BJ46,SAVILLS,GB,70.33,69.81,59.66,68.13,72.74,65.77,62.63,61.79,57.76,56.38,55.07,50.49,52.61,51.03,46.5,
GB00B18P5K83,TOPPS TILES,GB,30.76,41.35,54.39,47.81,41.89,35.71,41.14,32.7,34.68,37.13,37.31,37.13,48.68,46.17,38.61,38.87
GB00B19Z1432,PZ CUSSONS,GB,12.65,27.78,27.59,39.69,29.73,36.77,39.74,39.35,41.44,56.04,43.7,38.77,42.38,44.3,56.68,57.5
GB00B1FH8J72,SEVERN TRENT,GB,47.5,62.18,76.2,54.92,60.69,61.05,80.29,73.14,65.83,73.18,76.03,74.41,77.33,78.09,82.38,81.58
GB00B1FP6H53,MITCHELLS & BUTLERS,GB,79.73,76.03,76.98,77.91,74.3,73.52,83.46,84.26,75.7,75.01,75.67,73.87,75.11,76.35,75.0,74.57
GB00B1FW5029,HOCHSCHILD MINING,GB,24.02,19.44,17.16,19.59,21.97,32.93,31.49,30.98,30.75,29.52,45.28,42.98,40.98,43.22,48.87,51.06
GB00B1JQBT10,PINEWOOD TECHNOLOGIES GROUP,GB,14.0,18.94,20.24,20.14,20.38,20.53,19.62,21.27,32.89,39.21,31.26,30.67,32.94,29.53,25.15,24.57
GB00B1JQDM80,MARSTON'S,GB,37.34,34.73,50.17,50.44,48.7,49.7,50.54,57.66,55.2,57.94,56.73,64.76,84.59,84.05,82.65,81.35
GB00B1KJJ408,WHITBREAD,GB,69.98,59.59,72.37,82.34,84.75,77.62,78.67,79.32,85.51,85.75,89.75,88.45,88.52,86.03,82.46,83.44
GB00B1L5QH97,RANK GROUP,GB,23.08,38.4,44.81,37.47,32.35,37.75,39.65,57.42,53.1,55.19,52.67,62.4,65.31,70.19,68.77,67.46
GB00B1P6ZR11,BROWN GROUP,GB,26.05,29.96,33.81,35.11,35.06,41.5,39.63,43.05,59.22,58.75,62.08,57.48,51.36,46.12,40.5,37.36
GB00B1VNSX38,DRAX GROUP,GB,38.68,40.87,35.19,46.58,55.09,46.3,52.68,49.2,49.65,50.04,46.57,51.5,48.06,52.05,49.49,45.67
GB00B1WY2338,SMITHS GROUP,GB,28.14,53.43,53.35,54.77,45.65,42.12,44.37,41.04,44.45,58.96,76.43,60.12,58.21,68.79,62.49,63.54
GB00B1XH2C03,FERREXPO,GB,19.41,17.36,19.74,63.81,46.52,56.42,61.96,65.2,72.07,79.77,82.76,79.82,81.76,82.1,86.1,82.51
GB00B1XZS820,ANGLO AMERICAN,GB,81.6,80.39,80.68,84.66,80.66,91.04,88.61,93.41,86.97,76.18,77.67,80.13,82.32,83.58,83.33,83.06
GB00B1YW4409,3I GROUP,GB,48.5,45.6,52.79,44.5,45.05,30.85,32.48,52.84,51.38,73.57,73.83,77.44,65.36,64.85,62.89,61.56
GB00B23K0M20,CAPITA,GB,38.58,47.29,42.4,62.45,64.21,50.66,68.84,69.65,80.59,79.67,73.86,77.37,83.88,78.54,69.76,
GB00B24CGK77,RECKITT BENCKISER GROUP,GB,53.23,59.6,58.79,56.11,59.32,65.03,65.61,64.87,79.03,81.87,87.91,90.58,90.81,93.37,94.75,93.06
GB00B27YGJ97,SEVERFIELD,GB,20.58,18.78,16.66,21.84,16.71,13.51,18.5,17.42,19.58,22.69,23.69,22.07,19.33,26.24,25.44,24.47
GB00B2B0DG97,RELX,GB,74.09,67.78,66.05,72.45,75.75,74.2,76.55,80.44,81.84,82.35,78.71,78.76,80.45,79.63,79.48,77.92
GB00B2NGPM57,PARAGON BANKING GROUP,GB,18.89,26.25,29.08,28.48,32.86,31.52,38.77,42.47,43.04,51.26,51.08,53.09,50.08,47.89,54.1,55.47
GB00B2PDGW16,WH SMITH,GB,46.69,51.62,72.04,72.45,73.17,72.07,70.28,74.04,73.26,73.58,76.58,73.07,71.21,89.05,84.93,96.67
GB00B39J2M42,UNITED UTILITIES GROUP,GB,54.67,64.2,62.2,62.73,62.73,62.17,60.4,66.48,62.36,66.87,86.49,80.72,76.45,71.84,68.42,63.49
GB00B3DGH821,DE LA RUE ORD,GB,43.57,56.44,48.95,54.31,55.12,64.64,65.17,66.64,73.88,81.63,66.21,68.08,65.05,67.32,63.94,69.11
GB00B3FLWH99,BODYCOTE,GB,22.36,14.24,13.59,31.3,26.56,31.41,31.1,44.02,55.8,58.96,68.32,63.19,59.48,61.34,60.86,59.61
GB00B41H7391,REDDE NORTHGATE,GB,31.57,40.29,32.35,35.34,32.17,40.32,39.11,30.89,38.26,32.81,32.38,53.64,49.86,48.55,48.45,43.09
GB00B45C9X44,CHEMRING GROUP,GB,22.36,26.11,39.03,34.25,44.67,35.46,33.97,21.45,34.88,33.5,60.99,52.6,50.05,50.78,47.69,51.63
GB00B572ZV91,PHAROS ENERGY,GB,9.99,36.01,40.82,46.78,48.13,58.08,51.45,50.94,53.43,63.58,63.87,63.06,60.18,54.69,50.59,43.88
GB00B5N0P849,WOOD GROUP (JOHN),GB,32.16,41.47,47.44,42.09,58.28,63.81,56.59,54.05,52.73,52.69,78.34,75.88,76.15,74.41,63.1,60.84
GB00B5ZN1N88,SEGRO,GB,68.32,66.76,65.41,76.3,59.56,57.97,58.96,77.79,68.15,69.48,85.3,66.17,83.3,81.46,77.08,82.1
GB00B61TVQ02,INCHCAPE,GB,14.24,10.45,12.91,17.49,14.39,15.38,13.78,14.74,14.76,18.99,39.99,31.46,36.12,36.05,33.91,36.11
GB00B63H8491,ROLLS-ROYCE HOLDINGS,GB,35.93,35.63,27.07,26.23,51.09,39.66,50.31,45.24,88.24,87.91,88.04,86.76,85.31,81.04,77.95,
GB00B63QSB39,GREGGS,GB,32.08,42.79,40.58,52.82,50.01,65.73,69.73,76.03,74.83,86.11,79.92,79.23,79.93,78.11,77.68,72.0
GB00B67G5X01,WORKSPACE GROUP,GB,46.93,54.97,56.77,53.84,57.15,53.69,56.22,50.78,55.92,58.99,56.81,53.58,62.01,63.75,58.45,51.81
GB00B6YTLS95,STAGECOACH GROUP DEAD - DELIST.28/06/22,GB,24.7,34.22,35.16,44.5,45.27,42.59,48.19,41.11,44.38,45.33,54.39,52.52,52.06,53.57,61.31,
GB00B7KR2P84,EASYJET,GB,21.4,22.36,41.12,32.54,47.17,44.22,46.28,48.54,48.44,47.22,38.62,39.72,47.88,40.37,40.73,56.95
GB00B82YXW83,VESUVIUS,GB,27.92,20.53,17.21,19.98,16.06,33.63,33.43,62.36,58.4,61.4,59.63,55.49,69.23,67.43,64.88,62.22
GB00B8B4R053,STUDIO RETAIL GROUP DEAD - DELIST.25/02/22,GB,25.98,13.34,22.36,51.34,48.47,49.64,46.97,41.39,46.77,55.47,38.76,49.11,48.82,47.62,53.59,
GB00B8C3BL03,SAGE GROUP,GB,24.4,39.76,45.04,49.69,48.95,46.27,66.84,48.72,57.21,43.81,47.44,49.1,49.48,48.73,50.86,68.15
GB00BD6K4575,COMPASS GROUP,GB,33.32,50.19,76.27,76.09,88.89,80.48,79.0,87.7,85.49,87.12,86.76,85.5,89.44,86.86,82.43,81.87
GB00BDCPN049,COCA COLA EUROPACIFIC PARTNERS,GB,73.9,80.41,74.67,72.79,72.24,72.38,70.85,70.03,64.89,85.26,78.73,77.81,77.47,78.22,83.03,85.08
GB00BDR05C01,NATIONAL GRID,GB,36.84,54.22,69.3,73.43,72.14,82.22,83.84,77.95,78.18,80.64,74.88,75.5,71.66,73.13,81.91,70.86
GB00BF044593,CLS HOLDINGS,GB,29.92,23.15,22.29,39.41,39.29,43.99,51.32,47.67,47.08,46.33,55.98,57.71,55.59,59.83,57.29,52.72
GB00BF5H9P87,GREAT PORTLAND ESTATES,GB,40.66,55.09,66.54,61.79,62.28,78.86,77.29,86.45,85.59,93.66,87.15,84.81,82.87,80.53,79.05,87.07
GB00BF8Q6K64,ABRDN,GB,80.84,78.47,81.09,63.02,54.78,57.99,57.01,61.84,66.84,71.23,82.96,82.71,84.41,84.82,85.25,89.77
GB00BG11K365,REDROW,GB,34.48,42.66,49.75,52.28,50.63,47.43,49.34,47.39,42.89,38.12,47.16,43.89,68.04,69.26,64.92,64.63
GB00BGDT3G23,RIGHTMOVE,GB,20.2,16.34,16.85,18.26,16.33,18.38,20.41,23.71,23.79,21.53,27.44,31.6,32.74,45.51,44.06,41.77
GB00BGLP8L22,IMI,GB,59.53,80.94,81.58,74.82,71.52,70.72,61.7,50.51,51.2,60.73,64.69,63.76,72.04,68.73,67.56,
GB00BH4HKS39,VODAFONE GROUP,GB,87.52,92.16,91.0,89.95,88.76,85.39,88.54,87.04,92.62,84.83,86.29,84.73,85.21,81.95,92.17,87.49
GB00BHJYC057,ICTL.HTLS.GP.,GB,35.24,73.01,75.07,68.88,70.95,67.12,78.97,76.45,82.11,79.97,79.44,85.56,87.85,87.79,85.96,76.68
GB00BJ1F4N75,MICRO FOCUS INTL. DEAD - DELIST.01/02/23,GB,19.32,28.81,21.19,25.86,22.78,23.19,30.97,56.16,61.1,61.2,55.85,56.0,55.61,54.69,51.74,
GB00BJFFLV09,CRODA INTERNATIONAL,GB,45.83,47.83,44.44,42.05,63.94,62.37,70.1,76.5,76.88,77.62,79.23,79.16,77.36,77.62,86.51,83.58
GB00BJQZC279,DAILY MAIL 'A' DEAD - DELIST.10/01/22,GB,16.1,15.4,6.87,10.74,10.86,39.01,33.47,36.37,42.96,44.4,46.64,46.94,49.74,53.16,47.46,39.0
GB00BK7YQK64,HAMMERSON,GB,38.6,53.05,46.99,44.17,45.34,58.4,61.04,66.67,70.0,69.84,66.01,79.88,78.58,79.01,78.01,73.59
GB00BK9RKT01,TRAVIS PERKINS,GB,26.59,25.83,41.56,44.56,76.49,73.28,55.94,33.27,53.49,48.08,39.41,39.76,38.79,41.45,40.09,35.26
GB00BKP36R26,HYVE GROUP DEAD - DELIST.23/05/23,GB,2.66,3.51,11.06,12.11,25.67,18.29,24.68,26.25,23.1,26.4,26.35,24.32,38.97,39.31,40.67,35.62
GB00BKY40Q38,GALLIFORD TRY,GB,25.73,23.44,21.61,29.6,34.2,29.54,30.25,39.96,52.54,51.83,61.53,73.25,67.26,70.0,67.82,67.94
GB00BL6XZ716,CAPITAL & REGIONAL,GB,32.88,31.12,46.88,36.39,50.89,47.54,46.65,25.15,26.91,25.49,23.49,24.39,30.44,33.83,52.2,
GB00BLGZ9862,TESCO,GB,69.28,71.4,74.56,84.17,84.9,86.17,82.0,85.43,89.85,87.61,82.77,83.24,85.49,85.52,88.36,83.88
GB00BLJNXL82,BERKELEY GROUP HOLDINGS (THE),GB,37.65,39.6,53.3,67.44,71.23,71.86,77.92,55.17,48.78,55.91,54.72,61.65,59.85,58.15,58.81,42.37
GB00BM8PJY71,NATWEST GROUP,GB,69.53,70.35,71.13,79.81,78.6,83.35,80.77,75.32,75.2,83.43,88.33,89.45,89.47,88.64,79.19,76.41
GB00BMJ6DW54,INFORMA,GB,33.08,37.56,35.79,43.07,35.19,44.48,52.44,59.91,70.43,65.91,70.01,68.32,66.17,65.11,69.5,60.0
GB00BMXNWH07,NOBLE CORPORATION,GB,43.82,46.07,40.59,38.04,24.16,26.0,10.41,6.08,22.68,14.44,16.24,34.98,31.47,27.42,,
GB00BN7SWP63,GLAXOSMITHKLINE,GB,72.48,85.89,83.42,87.42,86.04,85.32,83.56,82.15,86.54,93.78,94.98,94.71,96.91,96.75,96.67,97.35
GB00BNGDN821,MELROSE INDUSTRIES,GB,6.51,10.83,8.65,7.55,18.4,22.28,24.93,19.55,22.5,30.88,59.08,60.76,54.63,72.32,77.24,74.78
GB00BNNTLN49,PENNON GROUP,GB,13.74,16.73,22.73,26.99,25.43,26.22,32.49,34.58,36.15,45.35,74.41,73.91,71.32,65.96,76.48,67.04
GB00BNR4T868,RENEWI,GB,38.56,46.76,53.59,48.72,63.51,62.38,63.04,57.34,51.2,65.7,52.53,52.12,75.16,73.65,70.03,71.88
GB00BP6MXD84,SHELL,GB,71.93,68.99,69.23,78.16,76.07,71.08,76.79,78.35,84.59,82.38,79.5,79.76,79.24,95.43,92.53,93.77
GB00BP92CJ43,TATE & LYLE,GB,27.1,26.26,52.65,43.66,46.61,51.22,53.2,59.13,65.6,62.04,62.03,62.78,57.51,62.54,61.72,60.93
GB00BP9LHF23,SCHRODERS,GB,41.1,45.37,48.01,49.92,46.11,44.39,45.87,44.91,49.84,48.18,54.59,54.14,55.18,66.73,61.52,60.51
GB00BPQY8M80,AVIVA,GB,58.72,58.14,69.32,77.57,74.97,71.81,75.24,80.06,79.61,67.77,68.33,69.87,60.62,57.69,66.63,57.11
GB00BVFNZH21,ROTORK,GB,33.25,27.37,30.32,36.89,34.74,34.71,32.7,28.92,50.88,56.82,63.41,61.57,52.89,54.35,52.08,68.51
GB00BWFGQN14,SPIRAX-SARCO ENGR.,GB,49.8,42.59,43.51,41.59,37.33,35.04,39.32,31.35,49.91,41.67,42.42,49.9,46.07,53.34,50.32,51.54
GB00BYQ0JC66,BEAZLEY,GB,26.18,15.31,16.65,18.3,20.23,18.77,15.5,14.24,24.06,35.17,36.0,31.48,33.69,34.97,40.75,49.54
GB00BYT1DJ19,INTERMEDIATE CAPITAL GP.,GB,22.06,25.06,24.67,20.01,15.28,19.86,20.11,37.94,38.15,37.39,34.7,31.3,35.08,38.01,57.51,71.97
GB00BYW0PQ60,LAND SECURITIES GROUP,GB,69.99,84.63,88.7,88.24,90.24,93.39,88.52,90.49,95.68,94.95,65.91,68.69,71.23,76.42,82.34,74.56
GB00BYYTFB60,HOMESERVE DEAD - DELIST.05/01/23,GB,29.15,20.64,18.26,20.78,18.64,17.74,16.82,16.88,17.61,20.76,23.21,20.59,19.6,18.97,34.17,
GB00BZ4BQC70,JOHNSON MATTHEY,GB,38.88,42.28,39.05,35.57,54.94,60.71,60.74,51.53,61.52,67.11,58.31,71.64,72.43,71.72,70.89,73.97
IE0001827041,CRH PUBLIC LIMITED,IE,47.22,67.46,64.58,68.99,65.74,60.45,77.52,72.93,70.05,90.59,90.92,85.07,84.4,86.69,89.66,82.14
IE0002424939,DCC,IE,11.82,14.96,17.68,14.53,25.18,27.2,27.9,37.16,36.86,42.52,30.08,32.86,28.55,25.75,43.62,44.25
IE0003864109,GREENCORE GROUP,IE,40.35,40.3,43.15,44.83,48.71,49.25,50.64,49.73,54.32,52.7,48.16,39.81,42.6,64.38,62.09,56.12
IE0004906560,KERRY GROUP 'A',IE,7.52,11.49,35.29,35.68,39.15,52.4,50.42,60.66,64.15,71.82,72.27,77.43,74.36,80.66,91.63,91.91
IE0004927939,KINGSPAN GROUP,IE,28.1,22.21,41.1,42.21,43.61,36.13,36.65,37.9,44.95,46.97,74.58,72.41,79.51,76.13,72.46,
IE00B00MZ448,GRAFTON GROUP,IE,34.85,35.53,27.46,25.48,24.23,20.28,12.27,17.14,28.23,17.28,14.69,27.78,28.17,40.18,45.41,46.3
IE00B010DT83,C&C GROUP,IE,20.47,18.75,15.43,15.92,8.73,8.35,8.99,19.52,16.09,13.09,15.69,14.45,14.78,12.56,36.0,38.44
IE00B4BNMY34,ACCENTURE CLASS A,IE,61.82,61.42,68.07,70.66,79.9,78.9,82.42,83.15,89.97,89.82,89.75,77.5,78.3,78.98,78.92,77.99
IE00B8KQN827,EATON,IE,60.62,66.82,58.15,58.1,58.42,57.18,56.44,59.56,70.66,77.07,81.22,79.19,77.09,75.88,74.85,76.97
IE00BD1RP616,BANK OF IRELAND GROUP,IE,34.6,45.55,41.18,43.93,38.12,33.03,34.31,36.06,56.14,63.77,70.33,67.43,72.62,69.45,72.59,64.83
IE00BDB6Q211,WILLIS TOWERS WATSON,IE,31.44,28.98,44.0,33.62,35.17,35.41,30.71,27.34,34.45,38.33,34.37,33.12,39.61,61.78,60.29,61.42
IE00BF0L3536,AIB GROUP,IE,50.58,54.64,52.78,52.12,45.94,41.82,40.33,39.92,48.98,47.99,68.18,70.75,63.52,72.65,73.99,73.9
IE00BK9ZQ967,TRANE TECHNOLOGIES,IE,43.66,75.2,78.7,75.14,68.19,0.26,58.82,59.07,71.91,70.87,69.14,80.2,93.53,93.1,93.28,92.76
IE00BKVD2N49,SEAGATE TECHNOLOGY HOLDINGS,IE,50.7,56.54,50.25,57.48,55.44,59.92,67.05,65.04,69.59,66.63,66.09,69.8,68.37,66.7,64.32,
IE00BLP1HW54,AON CLASS A,IE,30.69,57.36,57.59,51.87,64.16,48.12,66.09,49.47,39.16,40.94,46.48,52.4,63.83,67.05,72.69,
IE00BLS09M33,PENTAIR,IE,31.76,42.91,42.05,55.29,54.64,54.04,51.01,44.95,50.23,66.36,61.54,58.41,57.17,57.02,73.64,70.89
IE00BTN1Y115,MEDTRONIC,IE,56.11,67.43,71.68,70.84,70.65,89.25,89.33,87.7,84.66,92.12,92.8,91.65,90.08,89.59,89.03,88.64
IE00BWB8X525,PERMANENT TSB GHG.,IE,54.11,66.48,64.7,67.78,53.31,39.22,36.98,32.04,30.08,13.7,30.55,27.81,44.54,49.62,44.78,45.49
IE00BWT6H894,FLUTTER ENTERTAINMENT,IE,13.24,13.44,12.3,11.2,24.89,21.15,24.6,23.95,26.22,38.56,44.15,44.2,43.58,65.57,62.59,62.74
IE00BY7QL619,JOHNSON CONTROLS INTL.,IE,95.11,92.86,87.96,94.85,95.87,95.42,94.86,91.87,92.98,93.41,91.26,91.37,90.82,91.93,94.87,94.2
IE00BYTBXV33,RYANAIR HOLDINGS,IE,59.22,47.68,46.63,33.84,35.19,29.44,32.31,33.11,36.3,34.51,42.2,39.62,35.49,44.6,47.75,62.12
IT0000062072,ASSICURAZIONI GENERALI,IT,67.18,71.24,91.11,90.64,89.8,88.53,88.18,93.52,93.2,86.52,89.68,87.45,89.63,87.99,87.44,86.34
IT0000062957,MEDIOBANCA BC.FIN,IT,6.79,10.68,8.62,22.43,20.81,17.96,14.83,31.65,36.13,34.35,46.28,56.54,56.26,57.34,68.55,66.21
IT0000072618,INTESA SANPAOLO,IT,90.58,92.29,89.04,84.34,80.04,69.34,68.82,75.88,88.31,89.27,89.74,93.8,93.26,93.34,93.19,93.98
IT0000784154,CATTOLICA ASSICURAZIONI DEAD - DELIST.12/08/22,IT,25.61,25.91,28.84,25.45,28.19,26.2,25.33,25.88,27.32,28.81,46.07,45.96,48.32,45.87,44.96,
IT0001137345,AUTOGRILL DEAD - DELIST.24/07/23,IT,67.03,74.99,77.99,79.19,73.56,75.97,80.17,79.76,87.07,82.94,75.59,76.42,85.17,83.84,83.87,82.1
IT0001233417,A2A,IT,20.52,55.76,68.19,61.02,65.86,66.13,57.99,63.15,51.56,59.41,61.9,64.56,83.64,83.74,83.36,81.46
IT0001347308,BUZZI,IT,19.2,35.15,37.46,66.55,65.83,59.8,44.66,47.17,48.35,63.61,53.4,69.86,70.31,72.55,77.57,71.29
IT0001469383,ARNOLDO MONDADORI EDI.,IT,8.62,38.07,36.54,41.64,60.57,64.21,62.35,58.41,60.58,57.24,70.23,76.43,76.43,79.76,73.46,72.55
IT0003128367,ENEL,IT,63.27,66.87,90.68,87.73,82.31,81.29,83.73,84.32,88.61,95.02,92.83,93.02,93.55,96.29,94.96,92.83
IT0003132476,ENI,IT,92.83,89.81,94.26,90.37,86.99,83.56,80.82,80.66,85.54,86.4,91.71,93.02,93.39,91.44,93.5,92.57
IT0003153415,SNAM,IT,58.81,61.35,86.1,83.62,88.6,87.33,84.29,85.46,83.31,85.6,86.77,92.77,91.44,90.87,88.72,95.98
IT0003242622,TERNA RETE ELETTRICA NAZ,IT,78.22,83.48,85.65,81.37,73.93,72.46,72.0,79.58,74.29,79.89,80.9,78.85,80.8,88.7,90.59,
IT0003497168,TELECOM ITALIA,IT,77.9,85.61,77.85,72.45,73.71,72.27,73.84,70.51,82.04,86.95,89.03,89.57,86.85,89.13,88.84,88.38
IT0003506190,ATLANTIA DEAD - DELIST.09/12/22,IT,60.75,76.7,78.31,72.3,68.92,66.74,63.88,60.66,73.47,75.52,73.38,78.22,84.36,92.72,92.41,
IT0003856405,LEONARDO,IT,19.08,45.58,49.2,53.62,72.17,71.7,72.54,71.48,68.67,74.72,68.91,75.81,80.43,93.23,94.96,94.02
IT0004810054,UNIPOL GRUPPO FINANZIARIO,IT,36.98,30.11,34.01,48.78,48.73,44.26,42.78,52.27,53.93,56.45,61.36,66.29,72.8,75.39,83.36,81.36
IT0004827447,UNIPOLSAI,IT,27.87,32.49,34.85,26.36,37.66,35.04,36.98,48.62,49.54,57.08,86.51,82.81,84.81,76.3,82.7,81.65
IT0005218380,BANCO BPM,IT,30.5,23.29,32.88,33.3,21.12,25.92,31.53,24.8,35.18,41.65,67.27,64.04,74.44,77.88,74.54,78.34
IT0005239360,UNICREDIT,IT,63.81,74.52,69.86,77.0,84.97,85.87,84.37,80.23,85.06,82.96,79.87,88.77,87.46,84.62,77.77,76.72
IT0005495657,SAIPEM,IT,60.7,73.43,71.51,80.61,92.5,92.37,91.03,87.46,91.03,90.31,91.62,95.03,94.27,93.76,95.73,94.79
IT0005496473,TESSELLIS,IT,10.39,13.39,13.56,12.86,13.28,9.66,9.18,9.1,9.97,8.75,13.37,18.51,31.12,39.02,37.64,52.82
IT0005508921,BANCA MONTE DEI PASCHI,IT,62.77,71.77,83.23,81.0,79.85,63.36,59.34,69.14,75.05,78.91,69.79,71.39,79.4,77.32,74.34,69.25
NL0000009082,KPN KON,NL,46.42,51.77,55.37,76.85,58.15,40.66,42.4,45.62,51.36,57.28,66.26,64.7,60.63,57.24,74.81,72.41
NL0000009165,HEINEKEN,NL,50.52,51.0,63.4,71.05,80.72,82.09,79.55,73.85,76.27,72.54,69.9,69.06,71.87,76.24,80.07,71.07
NL0000009538,PHILIPS ELTN.KONINKLIJKE,NL,89.8,87.79,86.35,95.19,93.95,94.13,94.53,94.09,93.83,95.46,96.64,96.24,95.28,94.92,94.5,94.27
NL0000226223,STMICROELECTRONICS,NL,58.62,72.96,94.06,94.87,98.47,97.78,95.42,88.23,88.61,95.54,96.01,93.5,95.33,93.79,90.07,86.85
NL0000235190,AIRBUS,NL,54.65,69.14,81.41,81.53,76.76,84.87,82.03,76.75,76.07,74.54,86.61,88.27,87.3,88.53,83.63,85.8
NL0000289213,WERELDHAVE,NL,50.79,56.51,62.96,56.84,34.97,46.92,57.81,50.57,61.96,61.02,77.82,85.31,61.57,65.73,65.43,60.72
NL0000337319,BAM GROEP KON.,NL,27.96,45.41,55.81,55.68,56.87,52.03,51.31,52.3,61.68,67.53,70.49,67.49,76.95,74.21,62.36,57.63
NL0000360618,SBM OFFSHORE,NL,75.91,85.76,87.55,86.82,82.41,81.81,82.78,76.3,71.73,79.98,82.18,81.16,80.96,80.01,80.69,75.18
NL0000379121,RANDSTAD,NL,48.93,55.67,48.19,53.88,61.1,67.74,60.33,59.7,74.61,71.6,70.25,69.45,78.66,81.43,80.13,83.38
NL0000395903,WOLTERS KLUWER,NL,88.47,85.42,80.74,82.99,70.44,64.52,71.92,63.46,65.2,66.9,70.92,69.54,77.28,77.48,76.47,65.02
NL0009432491,KONINKLIJKE VOPAK,NL,55.25,65.91,69.35,84.51,86.06,90.33,88.4,81.94,88.38,88.84,90.43,86.59,81.35,81.69,75.95,72.86
NL0010273215,ASML HOLDING,NL,61.72,71.32,66.39,65.43,65.65,61.84,63.72,89.38,88.85,89.69,89.35,91.5,88.09,86.18,83.19,81.09
NL0010583399,CORBION,NL,23.81,25.04,23.36,27.27,17.82,26.99,42.73,19.7,55.55,53.55,72.08,70.02,69.19,74.22,73.77,72.31
NL0011794037,KONINKLIJKE AHOLD DELHAIZE,NL,60.28,68.19,71.01,74.31,73.13,73.45,76.5,83.72,78.6,74.19,77.69,76.18,76.71,84.21,77.12,
NL0011821202,ING GROEP,NL,83.28,92.02,88.17,82.82,69.62,66.76,68.96,69.99,77.4,74.82,75.84,74.83,70.09,69.04,63.38,69.78
NL0013267909,AKZO NOBEL,NL,90.63,85.12,80.31,80.26,84.8,84.19,81.01,84.66,82.58,81.33,80.15,75.42,76.71,78.33,79.57,80.35
NL0013332471,TOM TOM,NL,15.96,34.56,34.24,40.83,52.58,44.85,48.32,43.71,41.96,43.52,44.27,40.57,49.63,51.9,48.71,50.0
NL00150001Q9,STELLANTIS,NL,68.89,81.95,85.88,89.69,92.22,91.51,92.62,91.44,96.16,95.84,96.49,95.94,95.52,92.97,95.09,91.66
NL00150003E1,FUGRO,NL,28.11,32.51,33.35,41.65,38.33,39.58,40.75,34.34,58.59,55.79,60.24,85.62,82.44,86.7,84.3,80.45
NL0015001FS8,FERROVIAL,NL,79.44,81.73,94.63,97.47,93.72,89.73,90.05,96.25,86.63,84.51,82.96,80.3,94.89,95.25,91.29,96.79
NO0003028904,SCHIBSTED A,NO,17.55,13.8,14.12,16.34,14.93,44.55,42.96,40.3,52.82,51.75,61.37,75.47,72.99,80.0,76.14,75.41
NO0003053605,STOREBRAND,NO,68.62,71.9,76.68,77.1,56.89,56.54,59.83,60.66,64.64,54.34,64.12,57.39,55.79,86.68,91.35,89.23
NO0003054108,MOWI,NO,36.79,46.62,70.37,69.52,76.27,78.48,79.32,85.26,90.68,85.14,85.07,82.11,82.71,82.08,88.11,88.61
NO0003078800,TGS,NO,14.77,18.75,25.65,27.75,43.33,46.46,44.86,49.54,59.16,66.26,66.67,67.96,65.69,59.53,72.97,68.85
NO0003733800,ORKLA,NO,78.4,74.05,73.38,78.29,83.8,78.52,72.91,77.63,82.22,82.46,83.58,87.07,86.42,86.36,89.38,
NO0005052605,NORSK HYDRO,NO,86.99,89.17,89.64,94.28,95.46,92.04,93.19,91.42,96.39,90.99,95.76,93.74,93.95,90.6,91.62,90.06
NO0010063308,TELENOR,NO,61.15,74.41,74.71,69.36,67.84,59.18,65.23,70.64,71.44,67.47,68.68,68.12,64.12,59.11,63.0,71.41
NO0010096985,EQUINOR,NO,64.31,77.88,78.49,75.5,72.65,70.97,67.79,79.63,81.3,77.13,76.43,79.42,78.25,78.14,71.83,71.7
NO0010112675,REC SILICON,NO,20.27,32.53,33.14,35.24,49.73,61.39,45.7,47.95,45.15,69.29,35.7,33.86,31.39,34.58,27.32,41.04
NO0010199151,PGS,NO,22.55,30.8,32.45,26.26,39.38,37.55,36.09,31.99,33.36,29.55,30.23,31.69,49.77,49.4,67.58,64.59
NO0010208051,YARA INTERNATIONAL,NO,46.23,72.82,75.24,78.71,85.09,83.66,86.17,76.08,85.92,84.27,81.99,84.45,84.37,87.78,85.17,84.02
NO0010215684,AKASTOR,NO,48.29,65.67,68.26,76.27,67.62,77.09,75.06,69.82,68.6,68.7,66.07,68.53,72.82,67.58,83.65,77.64
NO0010861990,PROSAFE,NO,84.41,76.29,82.73,66.81,68.28,63.11,75.46,69.16,84.8,71.84,73.25,75.06,82.94,81.31,79.3,73.48
NO0012470089,TOMRA SYSTEMS,NO,19.96,25.57,34.49,35.0,53.94,53.38,52.23,42.84,43.87,56.3,61.0,52.04,52.05,55.21,57.1,61.74
PTBCP0AM0015,BANCO COMR.PORTUGUES 'R',PT,63.65,58.91,63.19,65.62,64.74,63.35,56.23,70.91,71.27,80.48,84.15,86.14,89.17,83.18,84.03,85.0
PTEDP0AM0009,EDP ENERGIAS DE PORTUGAL,PT,79.85,81.92,87.02,81.35,84.69,84.93,86.98,90.0,90.48,91.34,87.72,85.54,93.99,93.86,92.88,92.74
PTJMT0AE0001,JERONIMO MARTINS,PT,83.56,74.02,70.57,77.91,74.01,72.5,72.91,75.9,82.06,89.69,89.5,86.95,85.79,91.74,92.42,96.3
PTSON0AM0001,SONAE SGPS,PT,47.05,70.79,69.66,63.71,63.56,65.5,64.81,73.02,72.91,86.74,78.84,74.14,65.25,64.17,67.63,66.3
PTZON0AM0006,NOS SGPS,PT,18.81,32.96,28.38,23.96,39.01,38.6,36.19,36.5,39.26,40.56,55.14,72.13,70.77,69.67,70.17,68.27
SE0000106270,HENNES & MAURITZ B,SE,58.27,69.56,79.14,83.09,67.6,65.33,72.01,89.74,88.22,76.14,85.16,84.65,85.19,80.74,85.09,76.9
SE0000108227,SKF B,SE,73.83,84.3,83.06,84.61,83.65,91.3,89.95,95.44,92.5,90.97,89.64,84.86,83.71,83.32,79.24,79.05
SE0000108656,ERICSSON B,SE,69.61,69.11,61.43,65.91,66.81,74.97,88.24,85.18,85.93,87.52,89.71,82.19,89.05,90.22,91.36,91.19
SE0000111940,RATOS B,SE,14.72,9.73,17.75,18.05,17.03,15.64,14.5,23.32,44.33,39.89,51.02,69.51,70.02,66.02,58.76,58.32
SE0000112724,SVENSKA CELLULOSA AKTIEBOLAGET SCA B,SE,77.04,86.79,87.14,86.25,80.8,69.99,71.14,86.67,90.57,94.35,83.71,86.71,87.31,87.67,87.42,84.51
SE0000113250,SKANSKA B,SE,57.93,49.18,58.92,58.04,77.69,79.24,80.17,77.42,82.14,86.02,87.82,74.25,72.7,75.85,75.21,75.13
SE0000114837,TRELLEBORG B,SE,69.18,81.79,80.18,82.56,74.93,71.45,72.02,69.6,75.05,85.98,81.67,79.43,74.92,73.39,74.01,73.83
SE0000148884,SKANDINAVISKA ENSKILDA BANKEN A,SE,60.74,58.37,53.66,56.96,51.01,64.7,67.45,75.35,79.22,82.87,84.06,79.67,78.81,75.66,74.79,72.41
SE0000163594,SECURITAS B,SE,27.18,24.25,24.01,22.76,25.97,24.77,30.09,35.88,56.24,73.49,69.23,74.21,70.28,70.33,65.82,69.24
SE0000163628,ELEKTA B,SE,44.88,43.6,40.51,49.44,44.13,67.87,81.21,74.27,78.11,89.9,92.06,90.6,93.53,91.24,89.82,88.34
SE0000171100,SSAB A,SE,32.05,70.74,69.35,75.44,70.3,63.04,60.46,68.53,71.78,61.84,79.32,75.09,71.74,73.99,76.07,77.05
SE0000190126,INDUSTRIVARDEN A,SE,32.23,19.38,22.93,14.92,11.42,10.67,11.54,5.45,22.67,24.97,33.14,43.23,40.52,42.32,40.56,45.16
SE0000202624,GETINGE B,SE,38.14,66.67,41.75,44.39,37.62,39.52,35.73,37.64,52.48,65.98,68.65,67.25,63.04,71.39,89.9,87.46
SE0000242455,SWEDBANK A,SE,34.33,52.59,55.86,64.16,61.98,64.38,68.76,70.8,72.79,75.28,75.13,70.24,69.12,65.72,76.87,69.32
SE0000379190,CASTELLUM,SE,34.47,37.65,35.86,44.99,52.84,48.86,51.2,44.63,62.39,71.85,82.9,78.37,83.29,77.66,83.84,81.33
SE0000667891,SANDVIK,SE,62.42,62.79,64.29,68.69,66.37,72.54,71.01,70.79,77.01,77.87,79.63,79.26,77.96,83.22,76.73,76.05
SE0000667925,TELIA COMPANY,SE,89.37,85.33,87.51,90.3,87.23,82.21,80.12,75.11,81.71,84.81,84.81,80.08,77.8,81.23,81.55,83.88
SE0000695876,ALFA LAVAL,SE,41.19,42.35,56.93,56.25,66.28,67.69,67.82,65.17,63.14,87.78,87.24,87.4,85.99,75.47,68.23,74.98
SE0000806994,JM,SE,21.86,,20.52,23.19,43.39,39.81,44.23,45.32,43.54,67.27,66.88,62.33,60.88,47.35,42.82,37.06
SE0000862997,BILLERUD AKTIEBOLAG,SE,34.78,31.39,77.51,66.93,69.65,75.11,80.31,80.18,91.87,79.6,82.24,78.07,72.64,90.07,88.15,90.47
SE0000949331,NOBIA,SE,32.52,56.16,47.69,27.84,31.85,57.72,50.08,53.62,79.86,87.91,88.9,89.78,83.54,76.79,74.02,78.62
SE0001662230,HUSQVARNA B,SE,44.6,56.2,62.69,57.71,65.15,61.23,62.67,66.48,72.84,79.23,79.28,85.14,84.09,83.0,82.49,86.09
SE0003366871,SAS,SE,68.39,64.3,69.94,73.36,70.5,65.27,60.52,63.32,67.63,65.27,62.61,64.72,63.86,59.01,76.36,54.43
SE0005190238,TELE2 B,SE,53.98,60.07,54.32,44.89,38.42,65.57,67.0,74.96,72.0,76.69,76.2,74.31,77.89,77.44,75.46,74.5
SE0006993770,AXFOOD,SE,57.05,51.44,56.13,67.06,74.3,76.34,74.33,74.65,86.48,81.79,80.41,78.24,75.96,69.67,68.85,64.34
SE0007100581,ASSA ABLOY B,SE,79.61,81.29,81.06,78.83,73.15,71.95,65.88,65.03,72.91,76.64,78.92,73.33,73.12,74.12,73.13,61.47
SE0007100599,SVENSKA HANDELSBANKEN A,SE,50.02,56.41,57.71,54.65,55.33,53.75,54.63,51.64,58.76,59.2,70.68,74.12,77.67,75.65,73.24,69.77
SE0011090018,HOLMEN B,SE,46.49,45.72,52.91,51.8,55.22,45.1,48.86,68.91,76.9,81.94,79.3,77.87,78.0,77.69,77.29,75.95
SE0011166974,FABEGE,SE,77.9,71.82,70.33,75.6,74.21,74.69,75.61,78.41,83.55,77.59,69.42,71.62,81.96,76.78,84.64,81.32
SE0011256312,ENIRO GROUP,SE,19.33,23.66,18.63,21.88,15.98,17.36,17.77,43.27,30.89,31.1,28.87,27.17,5.11,,,
SE0015810247,KINNEVIK B,SE,21.43,23.04,62.76,60.96,78.57,76.16,75.92,72.28,62.87,73.85,71.33,72.73,71.4,73.0,72.14,72.7
SE0015811955,INVESTOR A,SE,52.44,40.24,45.49,38.74,43.79,38.72,42.5,48.05,38.95,41.4,60.74,65.17,67.57,63.32,61.54,
SE0015812219,SWEDISH MATCH DEAD - DELIST.02/01/23,SE,38.06,65.27,75.54,75.28,77.4,83.36,79.92,71.54,70.73,65.4,83.62,83.89,85.02,84.63,83.14,
SE0015961909,HEXAGON B,SE,45.7,38.25,38.35,48.59,49.34,54.09,51.69,55.21,57.89,54.26,59.02,62.97,58.68,62.53,63.02,63.1
SE0016589188,ELECTROLUX B,SE,65.04,54.58,67.66,62.59,73.58,68.58,73.73,79.64,79.42,83.44,82.32,82.46,84.98,85.61,85.69,84.43
SE0017486889,ATLAS COPCO A,SE,90.01,93.6,88.63,88.63,89.96,86.42,84.66,88.19,91.63,91.7,90.26,91.99,88.87,91.5,91.41,90.23
SE0018012494,MODERN TIMES GROUP MTG B,SE,9.24,36.01,55.82,62.29,87.26,93.23,92.96,87.89,95.05,89.31,89.95,92.39,88.12,87.52,86.41,82.49
SE0018012635,WIHLBORGS FASTIGHETER,SE,39.77,49.14,63.47,67.55,72.99,70.37,66.21,65.42,67.1,55.91,55.1,61.83,54.75,55.64,49.06,57.45
SE0020050417,BOLIDEN ORD SHS,SE,58.46,67.8,67.07,70.29,75.92,77.35,78.29,76.74,82.84,86.27,82.51,86.54,84.24,85.3,87.75,91.21
