ISIN,2008-12,2009-12,2010-12,2011-12,2012-12,2013-12,2014-12,2015-12,2016-12,2017-12,2018-12,2019-12,2020-12
AT00000VIE62,0.0,0.0,6.682329030096871e-18,4.530307969229322e-18,0.0,0.0,0.0,0.0,4.0625987066964656e-18,0.0,0.0,2.6524618619451758e-18,0.0
AT0000652011,5.434062709051309e-18,1.2735023784984398e-19,0.0,6.788741162561471e-18,0.0,3.057932968061055e-18,0.0,2.852854057743931e-18,0.0,0.0,3.0629537172513686e-18,9.221276085823725e-19,0.0
AT0000743059,0.0,0.0,0.0,4.232690117581571e-18,0.0,1.0277976840555678e-17,4.606725638412489e-18,1.1494462511859618e-18,3.1622086295769643e-18,2.018460560460044e-18,2.711526942173463e-18,0.0,0.0
AT0000746409,2.157311711828034e-18,0.0,0.0,4.347409219856258e-18,0.0,2.6138660391065676e-18,0.0,0.0,2.4737863645484926e-19,0.0,0.0,0.0,0.0
AT0000831706,0.0,4.217155014856451e-18,0.0,5.897865571916732e-19,0.0,0.0,0.0,1.4038184114356035e-18,0.0,0.0,2.0084660431274203e-18,0.0,0.0
AT0000908504,6.416168666248309e-19,0.0,0.0,0.0,0.0,2.8288982107941585e-18,4.1873503981291143e-19,9.075228614559787e-18,0.0,4.510065053320633e-18,0.0,2.496668798662858e-18,0.0
AT0000937503,0.0,0.0,0.0,0.0,0.0,4.025472085932033e-18,0.0,6.182144974139641e-18,0.0,0.0,0.0,1.2479220729768176e-19,6.486172014319948e-19
AT0000938204,1.0364028425398352e-18,6.661938006374655e-18,0.0,8.851732626810836e-19,0.0,0.0,3.908530131512773e-18,2.7965731514580092e-18,0.0,0.0,7.258088210592162e-18,0.0006827011305970733,4.655218297561931e-18
AT0000A21KS2,1.48610922013284e-18,2.067893966594901e-18,2.3170546710063365e-17,9.072460294650239e-18,0.0,1.1987861467193411e-18,2.8181147592563434e-18,0.0,0.0,5.001416049241493e-18,4.90641000474642e-18,0.0,0.0
BE0003470755,4.861608527020537e-18,0.0,3.7281903330081e-19,0.0,3.785542892703603e-18,9.84915801022639e-19,3.907691423345995e-18,0.0,8.568961785540811e-19,0.0,0.0,0.0,4.521843824464896e-18
BE0003565737,5.085969296121169e-18,3.063799842484271e-19,0.0,4.769608701737477e-18,0.0,0.0,0.0,1.1274920925692636e-17,1.2300127932595454e-18,3.1060589963251276e-19,4.144670021302865e-18,3.980757331300326e-18,0.0
BE0003593044,0.025680849400854702,0.0,4.673343901092445e-19,2.733135805287018e-18,0.0,4.435133821268559e-18,0.0,2.3077929625842137e-18,1.001111576294436e-18,0.0,6.842491150592056e-19,0.0,2.66017332769381e-18
BE0003717312,0.0,1.773958706375599e-19,0.0,1.9123972870821576e-18,3.3098262916309523e-18,9.330416782773189e-19,0.0,0.0,3.289151998775566e-19,0.0,2.9650698621230876e-18,5.535415145723141e-19,1.2437975921548172e-18
BE0003735496,0.002798719057842297,0.0662685727458813,8.329051192267613e-18,0.005601697450671876,0.0,0.016798745403325197,0.033129409665026074,0.0,1.4618143243802085e-18,0.0,0.024099133696053723,0.03365471858594319,0.011249871492178995
BE0003739530,0.0,1.531592608145582e-18,4.168149867055217e-18,3.282364499768387e-18,0.0,6.285034473681829e-18,0.0,0.0,2.21065820673437e-18,0.0,0.0,0.030826246998444343,0.0019627555635389022
BE0003755692,2.1875953723474825e-18,0.0,0.0,3.803462771939209e-18,0.0,0.0,3.7731245979954e-18,1.5011947458866189e-19,0.0,0.0,0.0,0.0,0.019771836038722613
BE0003797140,0.0,0.0,0.0,0.0,3.539704391648312e-18,1.3837831314267187e-18,0.0,0.0,5.616949585932997e-19,1.754357180083072e-18,0.0,0.0,0.0
BE0974256852,7.806255641895632e-18,0.10619085667629573,0.11555227961718222,0.09254788608143362,0.09423846493459344,0.11853248581428702,0.14567054982387198,0.14737380265036887,0.13199955813458944,0.0396044614512934,0.05732755247131662,0.11655299865873779,0.12271132884585104
BE0974258874,0.0,2.214733076510262e-18,0.0,6.310587112335592e-18,2.6794083863711828e-18,0.0,1.1995103730732625e-18,0.0,3.8202796853074214e-18,0.0,0.0,3.58998165555414e-19,0.0
BE0974264930,6.637294535921439e-18,0.0,1.77216749766463e-17,0.0,0.0,0.0,0.0,8.326884680191849e-18,1.0685659652506154e-18,7.684411151689371e-18,0.0,0.0,0.0
BE0974320526,6.645049966820048e-18,1.3978508339756971e-18,7.241195705230777e-18,0.0,7.078503766964057e-18,1.034439012793041e-17,2.1733275809519083e-17,0.0,0.0,3.383043907207339e-18,2.0054260610749188e-18,0.0,1.6942699088517403e-19
CH0000816824,2.801251656782842e-18,1.4932202075258041e-18,1.2485221372170585e-17,4.435073522558953e-18,0.0,0.0,1.0057459947992254e-17,1.1622309884603142e-17,5.059284153539257e-18,0.0,7.502897642391533e-18,3.2566629670636164e-18,0.0
CH0008742519,0.1229823228155179,0.11938105097608347,0.0987587550468891,0.05115604137471952,0.0645961452412665,0.07797929237258919,0.06630911729577972,0.05323097736632911,0.014994385810602653,0.03404643452259434,0.031653966546057344,0.031536505241200226,0.05981273654212488
CH0010570759,8.462853358779602e-19,0.0,0.0,8.35132362721137e-18,1.953189409019772e-18,6.679948240151994e-18,0.0,6.765138758566807e-18,8.947839883469629e-18,0.0,3.3700124532507367e-18,4.487643649700848e-19,0.03595342401834395
CH0011075394,0.0,7.841036603310659e-18,0.0,0.0,9.259265421419364e-19,0.0,8.221437226431501e-18,1.7680941810320766e-19,0.0,0.0,2.963499372587384e-18,0.0,0.0
CH0012005267,0.1124557050535416,0.07002254015605468,0.036041928750430226,0.0,5.204170427930421e-18,0.002247656373573645,0.0,9.251758361100673e-18,9.585623486041799e-18,0.017228132493593014,0.013627729486521611,0.014560506648077932,0.001812940326125197
CH0012032048,3.548868031220894e-18,6.751583144654852e-18,0.016998645594970874,0.04388826185521072,0.03605056002191737,0.031027844987230782,0.017898760351831567,0.020524210682215056,0.008230119305023192,0.009348353482415906,0.0,0.0,0.05288540404010524
CH0012138530,3.2095097228453296e-18,3.652825448813024e-18,7.415759194773778e-19,0.0,1.2206277227438266e-17,1.520697437638526e-17,0.0,4.616834827418233e-18,2.151526567891567e-18,4.752844005286608e-19,3.1642318502940344e-19,0.0,4.526568434026812e-18
CH0012138605,6.559612302292217e-18,0.0,0.0,0.0,3.7917532103805043e-19,1.0974246426377247e-17,4.789946149791373e-19,7.896586856188121e-18,2.5160848932377557e-18,2.7226370776136896e-18,0.0,0.0,3.599588692885635e-18
CH0012142631,0.0,2.279096993095568e-19,4.57064244789849e-18,0.0,0.0,4.459020372851648e-18,0.0,0.0,1.356219473408281e-18,0.0,4.13177113491787e-18,0.0,0.0
CH0012214059,5.597363086111506e-19,0.0,4.711259565151376e-19,0.0,1.8212572800186783e-18,4.932971298645357e-18,3.667508840836087e-18,0.0,0.0,6.6165222662985925e-18,2.2843870440612448e-18,0.0,0.0
CH0012221716,0.0,3.1722667301943644e-18,3.530403244684148e-18,0.0,3.2056644204694184e-18,0.0,7.057203219795037e-19,3.9208875696837365e-18,0.0,0.0,4.441747980841299e-19,0.0,1.9509508255877202e-18
CH0012255151,6.194597585241621e-19,0.0,1.2683234194294518e-18,1.4353418622861694e-17,7.752641517155754e-18,2.2184349933419996e-18,0.0,3.731367922019557e-18,0.0,4.418082553856951e-18,1.311453257213982e-18,1.1305271344908074e-21,0.0
CH0012268360,9.652777559821002e-19,2.3209349174131723e-18,0.0,0.0,5.3356617020850414e-18,1.3904365770159144e-17,0.0,1.0345379754687814e-18,0.0,0.0,0.0,0.0,0.0
CH0012410517,6.060926068909068e-18,0.0,0.0,4.7544391416315686e-18,0.0,0.0,0.0,9.624070931340992e-18,0.0,1.5038569811548344e-18,0.0,0.0,1.8590729136468523e-18
CH0012549785,0.0,0.0,8.68582695188622e-19,0.0,0.0,0.0,0.0,6.105826325937527e-18,4.798156155674652e-19,0.0,0.0,0.0,0.0
CH0013841017,0.0,0.0,0.0,1.534177025396804e-18,2.9370920378005148e-18,1.1848950875984983e-18,0.0,0.0,1.2383484867674396e-18,5.784304056756138e-18,0.0,0.0,1.2502417177761313e-18
CH0014786500,0.2433212154419048,0.20722266266149092,0.15508471429872844,0.1598211907224912,0.13964648907299146,0.13379304038591916,0.1068437673089624,0.15604329817073653,0.13921072686411484,0.12210069795788128,0.08178750754719735,0.08517322188795941,0.02517416436379116
CH0014852781,0.0,9.13987642588691e-19,6.963748663405823e-18,0.0,1.2869672270108963e-17,1.210468330959761e-18,1.3794103114098491e-18,0.0,2.3756139504953012e-18,8.173055429664146e-19,2.4719257554431665e-18,1.7022670814167668e-18,0.0
CH0024638212,5.794037248551564e-18,0.0,1.3632918972586379e-17,0.0,0.0,1.0562658373925838e-18,0.0,1.184860251894721e-17,0.004284297854945919,0.022200949706919056,0.008143749809725502,0.0,0.0
CH0025238863,2.548355919192814e-18,6.494773002810085e-18,0.0,0.0,1.5681041153162065e-18,0.0,0.0,0.0,8.432924264299993e-18,0.0,3.081679675831069e-18,6.876748240134277e-19,2.0097141705853116e-18
CH0025751329,2.371311580545991e-18,1.1246305557241252e-17,0.0,7.911677417722657e-18,2.455784789068972e-18,0.0,0.0,0.0,0.0,0.0,4.981980234192339e-18,5.542235940595552e-20,0.0
CH0030170408,0.0,0.0,3.929881288406605e-18,3.37182245387218e-18,0.0,5.170961609690714e-18,0.0,9.401369850716353e-19,1.147704073056987e-18,1.2184741794469076e-19,3.1624478161911723e-19,1.5571958785483491e-18,0.0
CH0038388911,2.1115054192292e-19,0.0,0.0,2.5985920661074423e-20,6.96517171211434e-18,5.0616135035553665e-18,0.0,5.537564497226472e-18,0.0,7.002183314758367e-18,2.368826292232875e-19,1.272146597672306e-18,0.0
CH0038863350,0.04366399052550587,0.04119037342786835,0.056665650080495435,3.61842986664866e-18,0.00962905919668489,0.0,3.4605637133011802e-18,6.6337307612436156e-18,1.224285259760973e-17,1.0659244508957775e-17,8.208066570018686e-19,3.0799198929845574e-19,0.01128576026684513
CH0044328745,0.03573243029580267,0.001809641419289278,0.02394672998078564,0.02443028944745366,0.05267634071928503,0.05261502021707578,0.0632539102399541,0.058504666682309754,0.02214010387696055,0.0598666331041775,0.031191999753390758,0.0577107893161497,0.04562343791453726
CH0048265513,0.0,0.0,0.0,6.712697453062308e-19,3.918967231215436e-18,0.0,0.0,0.0,6.351392314385496e-18,3.6701916326623577e-19,0.0,0.0,0.0
CH0126881561,0.0,0.0,3.177277866684687e-18,0.0,0.0,0.0,4.201179997537727e-18,0.0,4.323886638482207e-18,6.488297726075091e-19,0.0,0.012926111477720159,0.0
CH0210483332,0.0,4.243526953243014e-18,0.0,9.323389787281418e-20,2.219292472549587e-18,7.98278354021873e-19,7.784147265526854e-18,6.273061266767585e-19,0.0,0.0,5.884663215934816e-18,5.367170358444596e-19,6.6578461966222926e-18
CH0244767585,3.9566571686134977e-19,8.055325679750008e-19,0.0,0.0,0.0,1.2548301947121572e-19,0.0,3.2895723873526974e-18,2.9923419092552495e-18,8.598451739198512e-19,0.0,2.332709673309601e-18,0.0
CH0418792922,6.0069055674995016e-18,0.0,0.0,0.0,7.336163006660985e-18,0.0,0.0,1.038396990490399e-17,6.2700368301071755e-18,3.8263310020220347e-19,3.0418195223851457e-18,5.628283250650153e-18,0.0
CH1169151003,5.935155880319312e-19,1.2049342205621803e-19,6.503047307792849e-19,1.7788793874381633e-18,0.0,1.7864554287288252e-18,0.0,9.84322806844284e-18,0.0,0.0,0.0,3.1424053478063174e-18,0.0
CH1175448666,1.4237967542964679e-18,0.0,1.533811299458874e-18,0.0,2.9005694649389727e-18,2.084253233865435e-18,3.0447841960060384e-18,3.007278906539378e-18,3.321500789470534e-18,0.0005238973500382572,0.0059964814232904605,0.022531405438811228,0.0
CH1256740924,0.0,2.96569548469127e-18,2.9233436183439778e-18,0.0,0.0,0.0,0.0,5.684434852900125e-18,0.0,4.673534050342494e-19,8.792666457395599e-19,6.901472289622063e-19,0.0
DE0005089031,4.651616570783176e-18,0.0,0.0,1.2143808836450964e-18,3.65572468726603e-18,0.0,0.0,0.0,4.85787241675975e-18,3.531566809313149e-18,3.289039709281865e-19,0.0,1.475899254720568e-18
DE0005140008,0.0,0.0,2.6330774040864166e-18,3.087003420692012e-18,0.0,2.526166282017448e-18,0.0,0.0,0.0,3.985952220409743e-18,0.0,0.0,0.0
DE0005190003,1.0461275277233904e-18,0.0,4.3083975661005794e-18,0.0,0.0,5.687866596730938e-18,0.0,2.172479638786057e-19,0.0,4.405904914811614e-18,0.0,0.0,2.9858447816528497e-19
DE0005200000,0.0013947861083636235,5.557390303601109e-18,6.809585922051936e-18,0.0,0.0,1.1545942369321024e-18,2.729787051956407e-18,1.72815459136297e-18,9.294865785554162e-18,0.0,0.0,0.0,9.632012259803573e-19
DE0005439004,6.007654939087815e-18,0.0,2.1663116116405887e-18,5.490748991103173e-18,0.0,0.0,4.611906681613294e-18,4.5389974422511716e-18,1.1645935263725254e-17,2.3296493375779477e-19,0.0,2.634345354609374e-18,0.0
DE0005557508,5.184417393023777e-18,0.0,6.8606771737293685e-18,4.833226528333912e-18,1.9401930601517708e-17,1.1705183160014486e-18,0.0,1.149948965536928e-17,7.796524894215463e-18,0.0,1.2559206906008593e-18,0.0,1.804977363520044e-18
DE0005785604,0.0,3.464725249002289e-18,0.0,3.1250802505498276e-18,3.3566838436056482e-18,2.2376635769855083e-18,1.95157200408236e-18,3.663659720350697e-18,0.0,0.0,0.0,0.0,0.0
DE0005785802,1.0983324210923403e-19,7.618556963925809e-19,0.019638958309906803,9.94574611451586e-18,2.509336543646965e-17,0.027838515506530232,0.08838567516637781,0.08175808300917647,0.0974054726815349,0.07913165415912528,0.006432278695643602,0.0,0.0
DE0005909006,1.6670461485781951e-18,4.4653250055833327e-20,0.0,0.0,0.0,1.385959796791698e-18,1.6923485483221817e-19,1.4567225284124478e-18,5.430589604744982e-18,6.361724835584663e-18,2.5792120599420427e-18,8.92243585108073e-22,0.0
DE0006047004,0.0,0.0,0.0,1.309430522345233e-18,4.343047694008983e-18,3.58320016908e-18,5.534776284381947e-18,4.490446761364052e-18,8.67687408013173e-18,0.0,6.108765711683886e-18,2.56474221481981e-19,0.0
DE0006048432,3.3835289384635325e-19,0.0,0.0,0.0,8.741740460234415e-18,1.3451586228090832e-18,6.419881017765888e-18,0.0,4.308149532088414e-18,0.0,2.123784681803268e-18,0.0,1.7324294158369745e-18
DE0006070006,0.0,0.0,2.651224476237856e-18,0.0,1.559351661309674e-17,8.341674710911963e-18,0.0,0.0,0.0,2.818351176882266e-18,1.5227647412954823e-18,0.0,7.853211333482538e-18
DE0006202005,0.0,4.636645160030387e-19,0.0,4.506628706574376e-18,0.0,6.251794041661961e-18,0.0,1.630388784253811e-17,1.959913803420267e-18,5.075669633436914e-19,0.0,0.0,2.9545998165982347e-18
DE0006569908,0.0,5.0893481451062435e-18,9.836590764226838e-18,4.594731745378945e-19,3.6189037714857386e-18,2.0822327903602438e-18,3.604328021853385e-19,3.4369346220266762e-18,0.0,3.8622245995541235e-18,0.0,0.0,0.0
DE0006599905,0.0,2.1675058479496147e-18,4.460850852682141e-19,0.0,0.0,1.918432512661658e-18,0.0,3.1536263174941184e-18,0.0,1.1323849252619004e-18,3.240967080075579e-18,0.0,0.0
DE0006602006,3.5370806640191664e-18,0.0,0.0,0.0,1.066557566597874e-18,0.0,0.0,1.1664887726007874e-17,1.6780901579105166e-18,1.761774874848498e-18,0.0,3.2659238394957983e-18,0.0
DE0006969603,0.0,0.0,1.754666255706504e-18,2.8044721833892115e-18,1.1864660308463313e-18,6.143532530516046e-18,0.0,0.0,0.0,3.289735413756203e-18,1.8702935270384426e-18,0.0,1.9879848626872117e-18
DE0007030009,4.152795324870383e-18,1.2574917268955041e-17,0.0,9.757167795699873e-19,5.6696481513495274e-18,0.0,8.285805015851188e-18,0.0,0.0,0.0,9.592177317404146e-19,2.05889291299326e-18,0.0
DE0007037129,0.0,0.0,0.0,0.0,0.0,2.551587240468026e-18,0.0,3.715351599490511e-18,0.0,1.8380537827685518e-18,0.0,3.316422777574782e-18,1.818301220254288e-18
DE0007042301,3.312567412575188e-18,2.9352801820444133e-18,3.5786383171895095e-18,0.0,0.0,5.345955146333476e-19,0.0,1.3218604198929957e-17,9.563449655163547e-18,0.029192802804730748,0.02959699204692841,0.02911117860405079,0.04188311666634735
DE0007100000,2.954484119876135e-19,4.492662280779948e-19,0.0,8.42380222228891e-18,0.0,6.6795762425613844e-18,0.0,1.3338811624176544e-17,9.12925197577963e-18,0.0,0.0,0.0,0.0
DE0007164600,0.0,0.0,4.0623237509043877e-19,1.8495145585784087e-18,0.0,0.0,0.0,0.0,2.9946737543246364e-18,3.4157493227753302e-18,0.0,5.6183261252178725e-19,4.608708149745874e-19
DE0007236101,6.583497703964336e-18,0.0,0.0,5.822685011539177e-18,2.235557199751983e-18,0.0,2.074783775597913e-18,0.0,3.685511266434524e-18,0.0,2.257119247880024e-18,1.9809946076096136e-19,9.30895689455614e-19
DE0007257503,3.670960740297492e-18,2.4353367343210196e-18,0.0,2.8835036738267207e-18,0.0,3.954249978246554e-18,4.3818474053318835e-18,0.0,0.0,6.404112462594759e-18,0.0,2.5045821143918205e-18,1.7179516876463173e-18
DE0007297004,1.5228457621940329e-18,0.0,0.0,2.7552469755068934e-18,1.7509636624309823e-18,0.0,1.0152915146511945e-18,4.986091286367506e-19,0.0,1.8348039723392564e-18,0.0,0.0,0.0
DE0007314007,9.31841826886676e-19,6.2501257223231685e-18,2.990512455720067e-18,0.0,0.0,0.0,5.046230238128653e-18,4.627587650988546e-18,0.0,0.0,5.275970054347587e-19,1.0180490316784575e-18,1.039096900593046e-18
DE0007500001,4.633670894487093e-19,3.425097036266573e-18,0.0,0.0,1.9597736956925957e-18,1.0197261884236379e-17,0.0,3.1685846296457492e-18,4.847423270218465e-18,4.748814144671562e-18,0.0,0.0,0.0
DE0007664039,3.063205085657788e-18,0.0,0.0,0.0,0.0,0.0,0.0,0.0,2.45236821102509e-18,4.345481213249363e-18,2.9351954292889477e-18,3.431621620047189e-18,2.0478623381796516e-18
DE0008232125,3.916977355543382e-18,0.0,0.0,0.0,7.181704547367823e-18,0.0,0.0,3.857259861343106e-18,2.6487666373312884e-18,0.0,0.0,0.0,1.3609320562033562e-18
DE0008402215,5.81503962025251e-18,0.0,3.309743619630867e-19,0.0,5.436940454619522e-18,1.8171418702590722e-18,5.8947489341389674e-18,0.0,0.0,0.0,3.1893999987718966e-18,0.0,0.0
DE0008404005,0.0,7.182836715791206e-20,0.0,1.412805360368272e-18,3.5407945008066785e-19,3.946107039151186e-18,0.0,4.641613448861019e-18,0.0,1.576154602617939e-18,0.0,2.682138479021156e-18,1.130335189777861e-18
DE0008430026,1.3567112367305508e-18,0.0,1.4770240098057673e-20,0.0,0.0,0.0,3.352551099003331e-19,6.622630036852853e-18,1.9042699108373006e-18,1.052184869839764e-18,0.0,0.0,0.0
DE000A1EWWW0,2.553513283139306e-18,0.0,0.0,4.935838206909494e-18,0.0,2.694326707541091e-18,0.0,8.920550423944409e-18,1.884007589678972e-18,5.637186806365226e-18,0.0,0.0,0.0
DE000BASF111,1.3002074441679192e-18,6.349710508801264e-18,0.0,0.0,0.0,3.399329554226614e-18,4.6976587488059224e-18,0.0,8.998678403613718e-18,2.833694470442792e-19,0.0,1.800857725536765e-19,1.9293232085216235e-18
DE000BAY0017,4.719766099710776e-18,0.0,2.286179167868587e-18,0.0,8.33593131169861e-19,2.1425089390052546e-18,3.3045107387591506e-18,0.0,3.59528099382991e-18,0.0,0.0,0.0,0.0
DE000CBK1001,0.0,0.0,0.0,1.0363749250400228e-18,6.334440068657127e-19,8.907925398719101e-19,3.0861426349178246e-18,6.686173572210578e-18,4.203752362488623e-18,0.0,0.0,1.7866634105602694e-18,0.0
DE000CLS1001,5.482589413276134e-18,2.3525386177469954e-19,2.3021759150867184e-18,0.0,5.809414117976557e-18,0.0,2.0891188592727996e-19,0.0,4.1983355795142756e-18,1.574038891743541e-18,1.0932785045466606e-18,4.1513360209279665e-18,0.06593417551462633
DE000ENAG999,2.54500076122328e-18,0.0,0.0,0.0,2.0793829674012923e-18,0.0,0.0,0.0,3.413275825497282e-18,1.1367852496912406e-18,0.0,3.5566773544871565e-18,0.0
DE000KSAG888,4.026143936275085e-18,0.0,3.651114367717103e-18,0.0,0.0,1.132488666196122e-18,0.0,6.716328095149013e-18,5.172933086827246e-18,6.878289409780688e-19,0.0,2.873164402032747e-18,0.0
DE000PSM7770,8.96594793014413e-18,0.0,0.0,0.0,0.0,1.3763241846687753e-18,7.455401574049035e-18,7.826556010432197e-18,0.0,0.0,1.4836907749423396e-18,2.991015968587215e-20,2.7266129243530598e-18
DE000TUAG505,0.0,0.0,0.0,1.935968674868978e-18,0.0,0.0,6.461112033442777e-18,0.0,0.0,9.852728005354162e-18,0.0,3.976992216190276e-18,2.743440375705366e-18
DK0010181759,0.0,2.979435619470275e-18,0.0,3.153881238811805e-18,1.3512625289515216e-18,9.240259614957153e-19,0.0,0.0,5.122007991686681e-18,0.0,1.0743701002892268e-20,8.321063128058969e-19,0.0
DK0010219153,0.0,0.0,9.17647437574431e-19,0.0,1.4307643487847762e-18,4.840315814664173e-18,0.0,0.0,7.267813757299982e-20,3.503003735552555e-18,0.0,0.0,0.0
DK0010234467,0.0,0.0,5.893907097670716e-18,1.1218542526487836e-18,1.4951325364564847e-18,3.369828678684472e-18,5.449237817230504e-18,0.0,4.294553308623246e-18,2.070385550541748e-18,0.0,0.0,0.0
DK0010244508,3.2341291069702064e-18,1.6897448671069058e-18,0.0,1.099845241223079e-17,7.929431147246975e-19,3.001963461402965e-18,0.0,7.592089308435365e-19,3.668859650517641e-18,1.3428414589757386e-17,0.0,3.821010607137912e-18,1.4995816099211594e-18
DK0010272632,0.0,0.0,0.0,0.0,0.0,0.0,2.3138792335580963e-18,6.949178999336195e-19,3.0541379797618156e-18,0.0,2.1685404976393637e-19,9.026497537851695e-19,0.0
DK0010274414,0.0,3.085060269516833e-18,9.931410003248577e-19,1.0204308739499067e-18,1.3628336119342815e-18,0.0,0.0,0.0,0.0,2.0744588359759087e-18,0.0,1.4755401829207247e-18,3.7758308356470325e-18
DK0010287663,0.0,0.0,0.0,0.0,0.0,0.0,0.0,7.42738441340677e-18,0.0,0.0,5.25427058061172e-19,1.2141507048830446e-18,0.0
DK0010307958,0.0,7.672811633132772e-19,0.0,3.67961800236252e-18,3.885321396817117e-18,2.7540370707278126e-19,0.0,6.899092218387123e-18,0.0,0.0,0.0,3.186287930909282e-19,0.0
DK0010311471,0.0,0.0,7.336124100148597e-20,0.0,1.834506718798961e-19,0.0,0.0,0.0,0.0,0.0,0.0,2.3609262941967166e-18,1.397641922978585e-18
DK0060079531,0.0,4.504350731999375e-18,0.0,0.0,0.0,1.1251429529648207e-18,8.683800248588804e-19,1.5041847066770986e-18,0.0,0.0,1.3061492787063615e-18,3.795639492659124e-18,1.4183206612292382e-18
DK0060448595,0.0,0.004509010714342891,0.07481294462679239,0.1116609510816331,0.08098389328273985,0.07322325155303,0.09285451984383047,0.06993527501815715,0.050867119396728305,0.05065342160582778,0.0,0.0,0.0029110699933179818
DK0060477503,0.0,0.0,0.0,0.0,3.770977007787097e-18,5.537468179425058e-19,0.0,1.3813479625925165e-18,1.1357306441227228e-19,0.006380790746215221,0.018610120846623605,0.015487369542124627,0.0075368458822700395
DK0060738599,3.343596204248514e-18,9.506017470351561e-20,0.0,0.0,3.918126988947581e-18,0.0,0.0,0.0,7.51722863698425e-18,0.02170580739927452,7.149392560162278e-18,0.0015143288682382518,4.80671310320769e-18
DK0061539921,0.0,0.0,3.1166995285597715e-19,7.451650307484888e-18,8.012602949647e-18,1.6421372933958672e-18,5.809502746015431e-18,1.1941615239574658e-17,2.354336884193833e-18,0.0,1.7926961011397905e-18,0.0,0.0
ES0112501012,1.9211912294058534e-18,6.078416097366226e-18,0.0,1.0912085303530624e-18,0.0,0.0,0.0,2.8596786345144315e-18,0.0,0.0,0.0,1.3563173462225595e-18,0.037747818506390834
ES0113211835,6.117745828619047e-18,0.0,0.0,5.09748014197929e-18,0.0,0.0,3.36727773255866e-18,9.589439927207233e-19,2.2084960185413215e-18,1.37533135611716e-18,0.0,0.0,3.113871875287136e-19
ES0113679I37,4.370372571589649e-18,0.0,2.4740804509638485e-19,6.847245818273078e-19,0.0,0.0,0.0,1.2523850884520405e-18,2.2401990136817423e-19,0.0,0.0,1.3829612258228062e-18,1.1936993599751425e-18
ES0113900J37,0.0,0.0,0.0,0.0,1.939534344508418e-18,1.1614387574134773e-18,0.0,0.0,5.517974113406713e-18,0.0,3.1666527403854556e-18,0.0,1.443405104132216e-18
ES0116870314,1.5257397726709697e-18,0.0,0.0,0.0,6.835507780384078e-18,0.0,0.0,3.8637531908578595e-18,0.0,9.599971665884642e-19,0.0,4.549680042775127e-19,2.0976701122615682e-19
ES0117160111,3.47341436481224e-18,1.3035757261592667e-18,4.977442829697522e-18,0.0,7.156534748000523e-18,0.0,0.0,0.0,0.0,0.0,1.6236040384807403e-18,0.0,1.695411154150173e-19
ES0118594417,0.0,0.0,2.086942694883319e-18,0.0,0.0,0.0,5.285523782478293e-18,5.450906267588267e-19,0.0,0.0,2.1869327708024313e-18,6.763763511371609e-19,0.0
ES0122060314,0.0,1.337630645516264e-18,0.0,8.123114731694467e-19,0.0,0.0,1.4849293760673733e-18,1.0099949735384823e-18,0.0,6.800446834843936e-19,6.185689050755765e-19,0.0,0.0
ES0124244E34,0.0,0.0,1.128750156850072e-18,0.0,0.0,0.0,0.0,0.0,0.0,1.6897064950763746e-18,0.0,1.6607151502437767e-18,6.286373908708592e-18
ES0125220311,0.0,2.717956640002104e-18,0.0,0.0,0.0,0.0,4.975941747992169e-19,1.1331985097615728e-17,1.6267782542056258e-18,2.24609514975943e-18,1.0636912569405718e-18,0.0,0.0
ES0130670112,4.262045893531553e-18,2.991257620000805e-18,0.0,9.174631131264944e-19,1.888759088067768e-18,2.136071792396874e-18,2.8974307089345576e-18,0.0,6.035873529164804e-18,4.459704103030934e-19,9.366033367887173e-19,0.0,0.0
ES0132105018,0.0,0.0,5.215107951563553e-18,0.0,2.1104369525973967e-18,0.0,0.0,2.1491045861841514e-18,3.4905191341435274e-18,0.0,0.0,0.0,1.675909681678653e-18
ES0134950F36,1.1609585275757624e-18,0.0,4.159042503559697e-18,5.194217992811527e-18,2.4965108656262856e-18,0.0,0.0,0.0,0.0,4.6430665783910115e-19,2.9853432010453964e-18,1.7926895879933917e-18,2.6293142473860716e-18
ES0144580Y14,0.0,3.93344627699457e-18,3.101742419094542e-18,0.0,0.0,8.63589581511849e-18,0.0,3.136215904882933e-18,0.0,2.896482284025106e-18,0.0,2.2299540557967903e-18,0.0
ES0161560018,0.0,1.5004101063561243e-18,0.0,6.9042636731755265e-18,0.0,0.0,2.5447862153479704e-19,0.0,0.0,0.0,0.0,0.0,0.0
ES0167050915,0.0,0.0,2.4688687782012484e-19,0.0,0.0,3.527917769404986e-18,0.0,0.0,1.1099246018367757e-18,0.0,0.0,0.0,8.433742272306481e-19
ES0173093024,0.0,0.0,0.0,0.0,3.0619439796655867e-18,0.0,8.180238224743587e-19,0.0,0.0,1.0937471809763165e-18,5.298893353181561e-19,0.0,0.0
ES0173516115,0.0,0.0,1.1190491657313732e-18,0.0,5.832953395616979e-18,8.871577384893729e-18,0.0,4.7792373857988456e-18,8.584494528437672e-19,0.0,0.0,1.508038409755328e-18,0.0
ES0178430E18,0.0,3.2049598967953937e-18,1.95459472642462e-18,0.0,2.207435294720623e-18,8.225545137181359e-20,2.5268265084987626e-18,0.0,0.0,3.4260996088251195e-19,1.1619968173861226e-18,6.239924619484408e-19,0.0
ES0182870214,0.0,1.457190044924681e-18,3.2712170839890293e-18,0.0,0.0,8.081399515627697e-18,0.0,0.0,0.0,0.0,1.6796904419545565e-18,0.0,2.0052241548338303e-18
FI0009000202,0.0,7.364533023730985e-19,1.836524192566643e-18,0.0,4.273274141371073e-18,2.348573471367577e-18,5.329560722315163e-19,0.0,7.697018506464526e-19,0.0,0.0,0.017102266323557568,2.2985086056692694e-17
FI0009000277,2.2509961498478123e-18,5.558574885682994e-20,0.0,2.1844639913221954e-18,0.0,0.0,0.0,7.505905741999827e-18,3.3582550690092824e-18,4.434502810693294e-18,9.322658240133901e-19,1.3075733577924384e-18,1.048188751914344e-18
FI0009000681,0.0,0.0,6.154175553813508e-18,0.0,1.067314302870449e-18,1.3238444600235805e-18,0.0,1.5149790047860764e-18,0.0,2.8064873720032155e-19,1.2675350035606572e-18,6.360097868465691e-19,6.635570128455037e-19
FI0009002158,0.0,0.0,0.0,0.0,2.520612111206933e-18,0.0,6.183499669842431e-21,2.7657083629577373e-18,0.0,0.0,0.0,0.0,0.0
FI0009002422,0.0,9.504287044308493e-19,5.61278694595935e-18,1.9658531628079755e-18,0.0,0.0,0.0,0.0,9.518117986030017e-21,2.3398806279915614e-18,0.0,0.0,2.7892940644572615e-18
FI0009003727,0.0,0.0,0.0,2.100933942937964e-18,5.0288382761815716e-18,5.596948601549023e-18,0.0,0.0,0.0,1.1447633102447243e-18,2.753617272689959e-19,2.290050057823092e-18,0.0
FI0009005318,0.0,0.0,3.0666451089671494e-18,3.5176102804516565e-19,0.0,7.362435189367492e-18,0.0,4.566382869377111e-18,0.0,3.0877478825992624e-18,3.765687957186589e-18,8.913188143563944e-19,1.172329213276139e-18
FI0009005870,0.0,1.245565951389921e-18,1.7548728392914135e-19,2.2963183396721216e-18,3.752196904235021e-18,4.600264116762109e-18,1.1575021921906848e-17,0.0,2.0710202902785423e-18,0.0,0.0,0.0,0.0
FI0009005961,0.0,0.0,0.0,0.0,0.0,0.0,0.0,9.621242283318658e-18,1.5251527320715641e-18,0.0,5.9068926323920786e-18,9.974751584591689e-19,1.828579210465286e-19
FI0009005987,1.1955582666935606e-17,0.0,0.0,0.0,0.0,0.0,6.99972189254545e-18,0.0,6.67201394652861e-19,4.826141139824687e-18,2.0813161879908821e-19,5.465718918835398e-19,0.0
FI0009007132,2.295143170419687e-18,0.0,0.0,0.0,0.0,5.295247231259066e-18,4.344195819731565e-18,5.689297326943025e-19,0.0,4.439371873480805e-18,4.044382748705535e-20,5.971529895146764e-19,0.0
FI0009007694,0.0,0.0,0.0,0.0,0.0,5.651319663939674e-18,0.0,0.0,0.0,0.0,1.2322037617058777e-18,0.008423075615817779,0.03234865211329817
FI0009007884,1.812981489222481e-18,0.0,0.0,0.0,2.316279680704003e-18,0.0,0.0,0.0,0.0,0.0,1.0027582039944183e-18,0.0,0.0
FI0009013403,2.7847206564333245e-18,0.0,0.0,0.0,6.37065505230501e-18,1.4832312514002174e-18,2.7496545919175657e-18,0.0,0.0,0.0,1.3936366209062403e-18,0.0,8.157948903018286e-19
FI0009800643,4.6113456588310816e-18,2.3976289967995242e-18,3.4947353949222144e-18,1.6227564476934552e-18,0.0,0.0,2.9897584975040413e-18,0.0,1.95246653004874e-18,2.7625817172754087e-18,0.0,0.0,1.6352261174775115e-18
FI4000297767,0.0,0.0,0.0,0.0,0.0,1.845964826532009e-18,0.0,5.6696641270262485e-18,0.0,1.3425278288991552e-18,4.1981230445008874e-18,1.7383616563028554e-18,0.0
FR0000035081,5.8879147827413254e-18,1.828829090439234e-18,1.3713597778585629e-19,5.902612236750813e-19,0.0,2.738437030939345e-18,1.8800854738484512e-18,0.0,0.0,0.0,2.5776782600026384e-19,4.237267556303206e-18,1.811548636425035e-18
FR0000039109,0.0,0.0,0.0,2.9891092776337677e-18,1.6056640214066754e-18,8.146160861443831e-19,2.560421099540809e-18,0.0,1.200831607752096e-19,0.0,0.0,4.923867435835647e-19,0.0
FR0000051732,1.2288335372806161e-18,1.0716890862360133e-18,3.2247000544699205e-18,0.0,0.0,0.0,0.0,1.3536551625081182e-17,0.0,4.6483130534589326e-18,0.0,0.0,0.0
FR0000052292,0.0,5.597947862667018e-19,0.0,3.666414511608893e-19,2.522492936907744e-19,2.862114137894742e-18,1.3285351956511298e-18,1.0010145230620336e-18,2.3779310402273993e-19,0.0,0.0,0.006279593838901356,0.05254325566339793
FR0000053225,0.0,2.1149432990622868e-18,1.7931483742634637e-18,2.6514774149048233e-18,2.3774520706366313e-18,3.753061879709086e-18,0.0,0.0,0.0,0.0,4.733599076661302e-19,9.953955604083835e-19,0.0
FR0000054470,1.0091707085521472e-18,0.0,1.7515360925367773e-18,0.0,0.0,4.179300540965546e-18,0.0,0.0,6.462443747175387e-20,2.035593324237102e-18,1.4417431045975873e-18,4.0932998484172436e-19,7.32428236361631e-19
FR0000054900,2.3328488181914633e-19,0.0,1.1675223961494408e-18,1.4913680481226552e-18,1.7304032321117736e-18,0.0,0.0,0.0,3.4350662559505013e-18,4.983830116343673e-19,0.0,2.322792573924782e-18,0.0
FR0000064578,2.470034351473811e-18,5.88487232808638e-18,0.0,0.0,0.0,0.0,0.0,1.6613972045516553e-18,5.222075291774945e-18,1.1714054675329028e-18,0.0,0.0,2.1975689084589184e-18
FR0000073272,1.2848301192794766e-18,2.8069367986730547e-18,1.022158307801741e-17,0.0,5.826628072270335e-18,4.02928442435394e-18,0.0,9.042069916500135e-19,2.47731867749943e-18,0.0,0.0,2.035325597192397e-18,0.0
FR0000120073,5.158887066980569e-18,1.371291498573074e-18,0.0,0.0,2.5342098580066626e-18,1.444423105121068e-18,0.0,0.0,1.8406730935611315e-18,2.3420813331937995e-18,0.0,0.0,3.497497724183853e-18
FR0000120172,0.0,1.6188182572385167e-18,8.532224441917412e-20,0.0,3.2047867443114115e-20,0.0,1.3557978284000444e-18,0.0,0.0,1.2571498486602897e-18,2.721369071292648e-18,0.0,8.906289459897969e-19
FR0000120271,0.0,0.0,0.0,0.0,2.818035426502201e-18,6.373589107555323e-20,0.0,3.5805162679672205e-18,0.0,2.3263928775971424e-19,0.0,1.5381621078392218e-20,0.0
FR0000120321,0.0,0.0,0.0,1.0256247083610757e-18,1.3057488806328734e-18,0.0,0.0,9.536482621319782e-19,0.0,0.0,0.0,3.8103330979401907e-19,0.0
FR0000120404,2.9439886806034104e-18,2.242535550837939e-19,0.0,3.0039386019523675e-18,1.8055592543635414e-18,1.0227151441107728e-18,0.0,9.08237238171305e-19,0.0,0.0,0.0,0.0,0.0
FR0000120503,0.0,0.0,0.0,2.9224587257489387e-18,0.0,0.0,0.0,0.0,9.509327230992113e-19,0.0,5.907770927691558e-19,2.458181397930844e-18,4.769004049537367e-19
FR0000120560,6.151721112247757e-19,2.6081225932978218e-18,1.2971073293246134e-17,0.023931896831567583,0.03476231808675486,0.021743865676121018,0.02395601068397457,0.01749644383495475,0.0460805471713643,0.01432020703967882,0.050913755328909946,0.029637982063502082,0.0
FR0000120578,3.3147048349517177e-18,0.0,5.8505545031738495e-18,5.495299317950398e-18,0.0,7.589856620525048e-18,0.0,3.576343821636989e-18,5.764568783845234e-18,0.0,0.0,8.854083028205298e-19,0.0
FR0000120628,0.0,5.163706381132451e-18,6.614416686129608e-19,0.0,0.0,3.966581824346849e-18,2.85878968693287e-18,0.0,0.0,2.4387986373254576e-18,0.0,0.0,1.6040745762794571e-18
FR0000120644,0.0,0.0,1.7526713855021367e-18,7.8853049225705425e-19,0.0,0.0,0.0,2.3937461040998882e-18,7.455788731326253e-18,0.0,1.8261200285694853e-18,1.875503574701223e-19,3.936873433025366e-18
FR0000120693,1.764772324633446e-18,0.0,0.0,0.0,0.0,5.769118556429887e-19,6.95611858858056e-19,0.0,3.083248037222761e-18,8.255706521915186e-19,3.447838483266566e-18,9.111245332263122e-19,1.3166429115206956e-18
FR0000120859,1.2577690622515845e-18,5.313172523249313e-19,0.0,0.0,9.682050307428582e-19,5.8208472538545095e-18,2.453853016258492e-18,0.0,0.0,1.537181040695494e-18,0.0,1.4588871174591919e-18,0.0
FR0000120966,0.00462556257371659,0.017223439402983917,0.05197262653651154,0.04722213663611437,0.020515383164640463,0.0012234150083211067,9.150479949989133e-18,0.0,5.5710221253893784e-18,0.0,0.0,0.0,4.1937316356873805e-19
FR0000121014,0.0,0.0,0.0,1.3025223058483738e-18,0.0,0.0,0.0,9.162249677357197e-19,0.0,0.0,0.0,0.0,3.34562870345659e-20
FR0000121121,0.0,0.0,6.294901749635389e-19,1.1664794496704981e-18,3.343473081452264e-18,0.0,6.36567870488939e-18,0.0,4.381519901849038e-18,3.4577557744702725e-18,0.0,4.391856381143076e-19,1.3227005158407771e-18
FR0000121204,0.0,0.0,1.5216203003551717e-18,0.0,0.0,0.0,0.0,4.109419824340612e-18,0.0,2.709344722618468e-18,1.93128914807307e-18,0.0,2.0029896332480522e-18
FR0000121220,0.0,0.0,4.005203665966411e-19,1.1831086987691875e-18,0.0,0.0,0.0,0.0,9.170818898284989e-18,0.0,1.133385915924747e-18,0.0,0.0
FR0000121329,3.920118747686167e-18,1.0732984950781185e-18,7.103058419664484e-19,8.182996613385657e-19,2.9748924503404877e-18,2.518289627880408e-18,2.3000399936643617e-18,0.0,1.0338401149865264e-18,2.852929473697714e-18,0.0,3.056433392095382e-20,3.462906579694951e-19
FR0000121485,3.978241148590624e-18,0.0,5.196753895935018e-19,4.447438845905263e-18,0.0,0.0,0.0,2.612297940439551e-19,1.0283544502894406e-18,0.0,1.006668941824539e-18,0.0,1.566867637247501e-18
FR0000121667,0.0,0.0,1.8983301536113598e-18,5.249551242676607e-18,0.0,8.813932311338968e-18,0.0,3.117704336060399e-18,8.189883203735298e-18,0.0,0.0,2.381989340497594e-18,2.1990760991638597e-18
FR0000121964,1.3338660745810427e-18,1.2014245069544596e-18,0.0,0.0,2.712126343073276e-18,4.898566768958708e-20,2.7943005747782325e-19,0.0,0.0,0.0,3.395390271878983e-18,1.0747303785411998e-18,2.8451244000670258e-18
FR0000121972,2.015026215650494e-18,0.0,6.625540051553198e-19,0.0,1.875033102348019e-18,5.643005821616702e-18,0.0,3.6858120283389794e-18,2.6538709197724624e-18,2.958097609828408e-18,0.0,0.0,0.0
FR0000125007,2.127764729295833e-18,0.0,0.0,2.0367438038488047e-18,0.0,2.5463466368964325e-18,0.0,3.0309679690983505e-18,6.321279222550358e-18,4.504995886290946e-19,0.0,7.479022443880136e-19,0.0
FR0000125338,0.0,0.0,2.9523704214254213e-19,0.0,0.0,4.136991585538291e-18,0.0,3.4219005656827407e-18,0.0,0.0,1.5197313359876816e-18,0.0,0.0
FR0000125486,4.744885659793354e-18,0.0,3.4354678647822352e-18,3.2934871796470517e-18,2.231515715048675e-18,3.255389932582343e-18,0.0,2.6530546807407507e-18,6.3278469163289424e-18,0.0,1.3087189310067373e-18,6.209971400136931e-19,0.0
FR0000125585,6.775995706530412e-19,0.0,2.752039539235308e-18,3.087078363755501e-18,6.1641460560716046e-18,0.0,0.0,0.0,8.750762059049905e-19,2.060840126758544e-18,0.0,1.1073014687604375e-19,0.0
FR0000127771,3.199809658748008e-19,0.0,0.0,0.0,0.0,0.0,4.4491611956698e-19,0.0,3.1537413219668766e-18,4.861448684014061e-19,1.4461912550782355e-18,5.784421926206566e-19,1.589174845204774e-18
FR0000130213,1.5840073884726136e-18,2.5197988389653822e-18,0.0,5.338579437300566e-18,1.277002529429948e-18,0.0,0.0,0.0,2.1258577467567114e-19,0.0,0.0,0.0,0.0
FR0000130403,0.0,1.4065218678515217e-18,0.0,0.0,4.957869574089139e-18,0.0,4.964678667956456e-19,3.668728640260176e-18,0.0,0.0,0.0,0.0,2.811329819437209e-18
FR0000130452,4.8747562577562405e-18,0.0,0.0,9.279171514387963e-19,0.0,1.6466707567227804e-19,0.0,1.9172329573205406e-19,0.0,2.4703362391897216e-18,2.0653436210185714e-18,0.0,0.0
FR0000130577,0.0,7.51912092188145e-19,0.0,4.307566039551259e-19,0.0,2.2607574758062684e-18,0.0,0.0,0.0,1.5451886153652697e-18,1.3015822687599577e-18,4.464543547126886e-18,0.0
FR0000130809,9.686901853747132e-19,3.0374644298271045e-18,2.9470591186285288e-18,0.0,3.7225239958271106e-19,0.0,4.188966677744265e-18,1.1285098615144076e-18,0.0,0.0,1.564619612822739e-18,0.0,5.573201283294341e-18
FR0000131104,0.0,6.779293990789464e-19,7.486886087118414e-19,0.0,0.0,0.0,2.5113945168628586e-18,8.384153967842409e-18,0.0,0.0,7.870610264429369e-19,0.0,2.3527904015249697e-18
FR0000131757,0.0,0.0,0.0,1.6405668325522438e-18,1.074169554293059e-17,4.7033050112899224e-18,7.69112600918505e-19,0.0,7.036359776606318e-18,0.0,1.6209072422830024e-18,2.6969290581435908e-18,0.0
FR0000131906,2.272282538812782e-18,1.3157856027146587e-18,4.44157421324857e-18,3.2438564446636922e-18,0.0,0.0,0.0,4.266868737976783e-18,1.336080591485909e-18,0.0,1.8170979112853258e-18,2.740995280182576e-19,0.0
FR0000133308,0.020043629313654193,0.0,7.55991308142219e-18,5.722041476881378e-18,0.0,0.0,0.0,6.374721213962376e-18,3.2377082502863838e-18,0.0,2.099851563888805e-18,1.8232746345273547e-19,1.126440814525384e-18
FR0010040865,3.3711083802987144e-18,0.0,4.938651046781785e-18,8.672286477997718e-18,0.0,0.0,0.0,0.0,0.0,0.0,1.1604304010915263e-18,1.4484753372760852e-18,4.2053415049158187e-19
FR0010220475,0.0,0.0,0.0,0.0,0.0,1.2236341211843613e-18,0.0,0.0,0.0,0.0,0.0,3.2737568048974527e-18,3.7045475863127e-19
FR0010411983,0.0,0.0,0.0,6.0862537521591804e-18,0.0,0.0,0.0,1.854083727147801e-18,1.2130856973010795e-18,0.0,1.0154701316234393e-18,0.0,0.0
FR0013326246,5.593053842685429e-20,0.0,5.728950137445591e-18,0.0,3.654084968307189e-18,3.199829098914017e-18,6.035598556172921e-18,0.0,0.0,7.926231395630707e-19,2.0259529358603037e-18,0.0,0.0
FR0013505062,0.0,0.0,0.0,0.0,0.0,0.0,2.640281917508695e-18,0.0,1.1142953861376003e-18,0.0,0.0,2.5734797965454486e-18,7.222004069618265e-18
FR0013506730,4.613765034245007e-19,3.420909645011001e-18,0.0,2.9528360540618754e-18,2.08616715823873e-18,0.0,9.348707178517002e-18,0.0,9.010900589315836e-19,0.0,2.9113021398364506e-18,0.0,0.0
FR0014003TT8,0.0,0.0,0.0,0.0,0.0,3.6594274112132934e-19,0.0,2.009853929626619e-18,2.529845572246222e-18,0.0,0.0,0.0,0.0
FR001400AJ45,0.0,0.0,4.774798814205609e-18,5.239043984145601e-18,0.0,0.0,8.68285971753451e-19,3.271804850112912e-18,0.0,5.369487254708263e-19,0.0,7.796929974476852e-19,1.0136734795118797e-18
GB0000163088,0.0,7.15707327922539e-19,1.4282960653014468e-18,0.0,2.2389947109269702e-18,0.0,0.0,4.139132329925139e-18,0.0,0.0,0.0,9.979476884840516e-19,0.0
GB0000456144,0.0,0.0,3.1144197818339604e-18,1.603945379098605e-19,2.32733530638722e-18,0.0,0.0,0.0,0.0,7.972300088712756e-19,0.0,0.0,0.0
GB0000536739,2.7992145389875485e-18,6.373706813108681e-18,0.0,2.4125157331222605e-19,0.0,0.0,0.0,1.0474929798165573e-18,0.0,1.6017627374481373e-18,0.0,4.113548877301944e-19,0.0
GB0000811801,4.218267822914008e-18,1.2892961378404738e-18,1.7054897799591906e-18,1.9397215071131057e-19,2.771248660301976e-20,8.581321845130834e-19,3.568543119913396e-20,0.0,0.0,3.46488384548521e-18,0.0,1.2417017578907703e-18,0.0
GB0000904986,1.8547600217747402e-18,0.0,0.0,5.818149857796154e-18,1.641498578105468e-18,3.970420117817761e-18,2.3358313690841674e-18,0.0,2.7720595263761836e-19,3.4468446269291863e-18,1.3131358146602208e-18,0.0,0.0
GB0000961622,0.0,4.526733759107846e-19,0.0,0.0,2.2936263539466397e-18,0.0,0.0,3.5439457847480125e-19,1.0279307997171351e-17,0.0,0.006236291810253429,6.209106411819913e-19,0.0
GB0001367019,0.0,0.0,2.442241477041932e-19,0.0,1.0820201524300697e-18,1.397993396970559e-18,1.5948739069770366e-18,1.061175767718508e-18,0.0,5.38425849561259e-18,0.0,9.887308782234574e-19,1.6182233889382261e-18
GB0001638955,0.0,0.0,6.907546027189222e-18,4.518750692769862e-18,0.0,0.0,0.013558120103700425,0.0,1.0764209729613822e-17,1.7781020293563458e-18,3.6003677412179795e-18,7.221002554328568e-18,7.967430975933874e-19
GB0001859296,3.929962058844856e-18,2.139001825091327e-18,0.0,0.0,1.2182052764790965e-18,4.338134470891796e-18,6.694611982925318e-18,0.0,2.4822272983953766e-18,1.972776235003798e-18,0.0,0.0,2.8735312471115218e-18
GB0002148343,0.0,1.6195808241563611e-18,0.0,0.0,1.115294831476939e-18,0.0,0.0,1.2026333437086972e-17,0.0,0.0,8.701888408364283e-19,0.0,5.4197634276513415e-19
GB0002374006,0.015395261723198285,3.9979955110402976e-18,1.285701107381065e-17,0.0,0.0,0.00036312858886198884,3.3925260231106238e-18,4.825783305618828e-05,0.0,0.00749731970110276,0.038684365985620216,0.019538324656724775,0.0
GB0002634946,0.0,0.0,0.0,0.0,0.0,1.8098966403865792e-18,5.836687687763899e-20,0.0,2.0472081541172564e-17,0.0,0.0,0.0,0.0
GB0002652740,1.8593689771097206e-18,4.323384756849918e-19,0.0,0.0,0.0,5.040970445729087e-18,2.175778912383866e-18,5.5956431675268994e-18,0.0,1.3891116411751716e-18,4.0922964558650253e-19,2.9485175447590033e-18,0.0
GB0002875804,0.0,0.0009176663674728465,1.3010426069826053e-18,5.215956125094069e-05,0.0,4.2242884483704136e-18,4.254880634653122e-19,4.501993912046826e-18,0.0,0.0,1.3645427279156888e-18,1.1763668484294333e-18,0.0
GB0003096442,2.012818210471961e-18,4.561425041677629e-18,0.0,6.123388650797601e-19,0.0,9.605645383692343e-19,0.0,0.0,0.0,0.0,0.0,2.630527440810138e-19,1.5085468451197702e-18
GB0003308607,0.0,3.914181154115151e-18,0.0,1.7468837309321979e-19,0.0,1.1631985599461527e-18,2.8251467650411704e-18,3.4059977156178273e-18,0.0,6.033153608594076e-19,0.0,0.0,0.0
GB0003452173,0.0003823199450463579,2.8403340741333035e-18,0.0,0.0,1.6111128725014563e-18,2.1493020757253644e-18,8.024335130836468e-18,0.0,0.0,0.00015734856863736162,0.0,2.9784123445832867e-19,0.0
GB0004052071,9.083880370351296e-19,0.0,1.6666943300028877e-18,0.0,6.535810684863167e-19,0.0,0.0,5.432757976948138e-19,0.0,0.0,1.6477305108636052e-18,1.3088354957652143e-18,2.565820226874643e-18
GB0004082847,2.4908742497310772e-18,0.0,0.0,0.0,0.0,2.7840423965804105e-18,9.914115958517189e-20,8.073319444733019e-18,0.0,2.929335270910028e-18,1.3668090785226954e-18,0.0,0.0
GB0004161021,1.950605416216118e-18,0.0,3.958149498044954e-19,0.0,5.274482296949124e-19,8.993581171502333e-19,1.7645189273532678e-18,0.0,0.0,0.0,0.0,0.0,0.0
GB0004170089,5.104598585485666e-19,0.0,0.0,0.0,1.2958987937165317e-18,0.0,0.0,4.230590527043161e-18,0.0,0.0,1.3280214212039414e-18,8.808476303565331e-19,0.0
GB0004478896,1.374853914667785e-18,0.0,4.154782578944573e-18,3.1328508652862946e-18,0.0,3.809611420206844e-18,0.0,2.179461189979367e-19,4.028044899061291e-18,0.0,5.994155044651409e-19,0.006504486820409879,1.802299375687471e-18
GB0004544929,2.946980452012089e-18,0.0,0.0,4.007386266659907e-18,0.0,2.7723258599015187e-18,2.0199530770793524e-18,1.095468147794325e-18,0.0,0.0,4.280454921114836e-18,0.0,2.9927731597900634e-18
GB0004657408,4.3828251934399295e-18,4.554877548808825e-18,0.009061237346302903,0.0007158343693460863,0.003666149886675536,0.0,0.0,0.0,1.643964970469923e-17,4.2285289323692124e-19,2.9494080157949176e-19,0.0,3.247771342174493e-18
GB0004726096,6.771794715482282e-19,0.0,0.0,1.3046832043803681e-18,3.1527815183944326e-18,0.0,4.1720973364344414e-18,0.0,0.0,0.0,1.3250741992144028e-18,1.5077968233764678e-18,0.0
GB0004866223,4.1685172147737054e-19,0.0,0.0,0.0,0.0,0.0,5.945549401594214e-19,0.0,0.0,0.0,0.0,0.0,0.0
GB0004915632,1.4880070401941785e-18,0.0,0.0,0.0,2.196057879138078e-18,7.793074299777981e-18,5.084672323859187e-18,0.0,5.941658138936766e-18,3.1730726421477986e-18,0.0,6.791644114093119e-06,1.9706769847297162e-18
GB0005405286,2.4998667545589174e-18,0.0,0.0,5.451948542323655e-19,0.0,1.2149258497885954e-19,0.0,0.0,0.0,0.0,1.3184508603634301e-18,0.0,0.0
GB0005576813,0.0,0.0,0.0,3.3700321324635876e-18,1.5081869611154313e-18,0.0,0.0,0.0,0.0,2.0434784646104387e-18,2.0952374552886007e-18,0.0,2.7378377106960437e-18
GB0005603997,0.0,1.5442961576293388e-18,2.337707194898743e-18,0.0,8.553711953575234e-19,3.005633815381908e-18,3.662457167219032e-18,0.0,0.0,0.0,0.0,8.1227758414807405e-19,0.0
GB0006027295,0.0,1.6797531270070255e-18,4.721187582585705e-18,5.23118360868219e-18,1.2095899265027774e-18,0.0,2.472726049738745e-18,2.351732446548271e-18,0.0,1.0660368653723069e-18,1.5163061929300444e-18,8.768890755452345e-19,0.0
GB0006215205,0.0,0.0,1.4493777781847666e-18,9.109066825454123e-19,3.760458824064755e-18,0.0,0.0,1.2217154054981987e-18,1.3707170018124936e-18,0.0,1.3698356561798424e-18,0.0,3.0839492504414505e-19
GB0006731235,0.0,0.0,1.8597091670155605e-18,1.3900668531107167e-18,8.597534570244452e-18,0.0,0.0,4.331524778653384e-18,3.914018840936461e-18,0.0,1.5443861360929194e-18,0.0,2.0601186688116594e-18
GB0006776081,5.069858678668364e-19,0.0,0.0,0.00330159579130188,3.198915010813356e-18,0.0,0.005744888399959334,0.05373346684452133,0.08670436108400835,0.03416238522570722,0.07900479545480545,0.08539864194840306,0.08203341916981424
GB0006825383,0.0,1.5020879173366464e-18,0.0,2.2709419134987743e-18,2.229556838124508e-18,8.132820771829056e-19,0.0,0.0,1.2221699957211799e-18,1.6920274204680119e-18,0.0,3.803896698785168e-18,0.0
GB0006928617,1.1644118117182044e-19,4.1307979463340875e-18,4.74265158056359e-18,2.5672926878650013e-19,8.938462458099892e-19,0.0,0.0,4.20240579571013e-18,0.0,0.0,5.372715837817926e-19,0.0,0.0
GB0007099541,5.330533073213166e-19,0.0,1.1423858444246746e-18,8.035676693989856e-19,1.7390802981084934e-18,0.0,2.4048600042643337e-18,1.3841815625153685e-18,2.041237006059713e-18,0.0,0.0,0.0,1.4842779717238993e-18
GB0007188757,3.213101472401772e-18,0.0,7.925702770298677e-19,2.7659523017461326e-19,0.0,1.8987762331432553e-18,2.5569533244563816e-18,2.2324909261800378e-18,0.0,0.0,0.0,2.3594652476266396e-18,9.212413141902372e-18
GB0007323586,1.6146341144498553e-18,6.972215872160768e-19,0.0,0.0,0.0,1.5785861813382875e-18,3.340136872437235e-20,2.1207288478334718e-19,0.0,5.762457638888387e-19,0.0,1.2177182486015384e-18,0.0
GB0007594764,0.0,2.1658715633702306e-18,0.0,2.9398920383048493e-19,0.0,0.0,3.0233131305597714e-18,0.0,0.0,0.0,0.0,0.0,1.302882262856229e-18
GB0007668071,1.91282644480038e-18,1.230500308320782e-18,0.0,3.1583286745397735e-18,0.0,0.0,0.0,2.3033595914373484e-18,3.3821258038058023e-18,0.0,0.0,4.98620861483934e-19,3.981916043187522e-20
GB0007669376,1.768845766897906e-18,0.0,0.0,2.117472426763252e-18,8.059891105711254e-19,0.0,2.174314341708707e-19,0.0,2.2774399315841294e-18,4.492297509722375e-18,0.0,0.0,7.254196538288433e-19
GB0007908733,7.800023207932877e-18,0.0,1.1506740850033181e-18,4.0128147134050886e-18,0.0,0.0,6.606352789152376e-19,6.606772635462158e-18,7.798525923941933e-18,1.5449880957918438e-18,2.291704132596603e-18,0.0,0.0
GB0007973794,7.268133626204929e-19,0.0,0.0,2.1786657458166613e-18,0.0,0.0,0.0,5.1890335918012455e-18,9.077452776642727e-19,0.0,2.0115263631155263e-18,0.0,0.0
GB0007980591,0.014243874269391148,0.0,0.0,0.0,1.6940632065868e-18,0.0,1.7479576272062686e-19,1.8478623479082205e-18,2.5627560490703325e-18,1.912547422752507e-18,2.8405239654196057e-18,0.0,0.0
GB0008025412,1.699300060593607e-18,0.0,1.18980865223826e-18,2.131604706513537e-18,5.425966864256725e-18,2.892321607591686e-18,6.292902288183828e-18,2.03992371414204e-18,0.0,0.0,0.0,0.0,0.0
GB0008085614,3.5664039844404094e-19,0.0,0.0,7.127141020794618e-20,1.2449161116981167e-18,0.0,0.0,3.085257252321854e-18,6.2379690657726715e-18,0.0,0.0,0.0,0.0
GB0008220112,1.3196334339276723e-19,3.0404769569966234e-18,2.140087468693138e-18,8.143390456610629e-19,2.421207595933008e-19,9.747960679732407e-19,4.8614749703630965e-18,0.0,2.162004142866239e-18,0.0,1.045047900115518e-18,2.4744547785572027e-18,0.0
GB0008706128,2.25892796208958e-18,0.0,5.7578813789664924e-18,2.9672874133979496e-18,5.34208840035783e-18,3.806160863675572e-18,3.0752226466670766e-19,0.0,2.7602470118331658e-18,2.9093254883133418e-18,0.0,8.262542990476232e-20,0.0
GB0008782301,0.0,5.661482140046975e-19,3.536462745257661e-18,0.0,7.129538025787461e-18,3.7520807028482044e-19,0.0,0.0,1.9652812625136445e-18,6.831993201374926e-18,1.2129127501234945e-18,4.9718883920351337e-20,2.345253265477961e-18
GB0009223206,0.0014515040256757193,0.013186212015999316,0.0376026317261267,0.02571024081736972,0.06025352590324749,0.054555773139770475,0.03796866583926557,0.034180061744448736,0.036135286449372625,0.005617633091913675,0.0,0.01271063251015224,0.0
GB0009292243,7.87060086782024e-19,0.0,3.472869334271504e-18,0.0,0.0,1.996948946023487e-18,6.731768580502393e-18,0.0,1.5174214211291463e-18,0.0,0.0,0.0,3.8192870552878065e-19
GB0009465807,2.8359369936999393e-18,1.7692254649725987e-18,1.3513424898888943e-18,4.586345031431355e-19,6.860800340554133e-19,0.0,0.0,0.0,0.0,3.055248095218579e-18,0.0,1.3560545379331612e-19,0.0
GB0009697037,0.0,0.0,0.0,0.0,0.0,3.244062042494393e-18,0.0,0.0,2.1399914438834324e-18,0.0,0.0,0.0,2.6161730485233956e-19
GB0009895292,0.04461823999630446,0.016999777263162822,0.0698960864732376,0.09248100550944434,0.04950237466245893,0.026680545742254036,0.003304313381518623,2.0204073285174633e-18,8.984590744904114e-18,1.6499216141001664e-18,0.0,1.4573300952309937e-19,8.785737826685655e-18
GB0030913577,0.0,1.9286643668407614e-18,0.0,7.880965120075487e-19,2.5393193822390927e-18,5.075767431914837e-19,2.433237739162632e-19,0.0,0.0,0.0,3.476729349966288e-19,0.0,2.6898432832328743e-19
GB0031274896,0.002619625456422483,0.010452039442535213,0.004747219636540413,0.0,0.0,2.1344078847763996e-18,0.0,2.0089958322036728e-18,4.1478224969969415e-18,4.7221546515627834e-18,0.0,1.4149686280210148e-19,1.3657817768644967e-18
GB0031348658,1.9914114397794276e-18,0.0,4.771853855861574e-18,0.0,4.9012161153149164e-18,0.0,1.92534007536462e-18,0.0,0.0,5.462879640671658e-19,0.0,0.0,0.0
GB0032089863,0.021030125953835677,0.019891237750865893,0.0,0.0021561952557947236,5.36932979298805e-05,0.0,0.0,3.296132809482089e-18,5.247244766206575e-18,1.5000653090821707e-19,3.9009747892985365e-18,0.0,0.0
GB0033195214,6.37096131204971e-19,3.792322281903077e-18,0.0,2.89307092745778e-18,1.0988344926166248e-18,0.0,6.62482032233114e-18,1.7265632133962257e-18,0.0,4.454156619550383e-19,1.274511835264648e-18,1.2792543245967982e-18,0.0
GB0033986497,1.2601284363144143e-18,0.0,0.0,1.5075367279240203e-18,0.0,5.61365548716642e-20,5.509436695339459e-18,1.4703777278229122e-18,3.7853562090069795e-18,0.0,2.3856383813549203e-18,6.524392147314699e-19,3.864981132388402e-18
GB00B012BV22,0.0,2.2764348986068585e-18,1.4718488984289166e-19,0.0,0.0,0.0,0.0,1.2823950257874073e-18,0.0,2.871547853707692e-18,1.8592565380053515e-18,1.4008291304692756e-18,1.461263040153315e-18
GB00B019KW72,0.0,2.2862076554895046e-18,0.0,0.0,0.0,1.5936789865453953e-18,5.722280714444516e-18,2.292924004663259e-18,8.784927314453877e-18,0.0,1.9824906081863826e-18,5.899044488867431e-19,0.0
GB00B033F229,0.0,0.0,0.0,7.124553643932866e-18,0.0,0.0,2.9723276866867555e-18,0.00025090829075762207,0.0,0.0,0.03224033829108424,0.012604729341616282,0.0
GB00B04V1276,0.0,1.1171704648990134e-19,1.8060022238151754e-18,0.0,6.52371822931466e-18,0.0,5.275623621833127e-18,2.2599294725334156e-18,0.0,6.1450423153867335e-18,5.895112112712079e-19,5.66089147523352e-19,0.0
GB00B0744B38,4.1361179650185675e-18,0.0009459355475350955,6.247656711962955e-19,0.01575597187700111,0.02287522112261182,0.027993976070845094,0.011802033268461179,0.003175600135094466,0.023045720292455628,0.0,7.265040714205547e-19,0.0,2.253058412217022e-19
GB00B082RF11,0.0,0.0,1.7103011689367095e-19,4.441203303413254e-18,1.6224846139676085e-18,1.5184089542015494e-18,0.0,0.0,0.0,1.6217005027672543e-18,0.0,1.1561646874839133e-18,0.006215782933761332
GB00B0FYMT95,1.2277288756929253e-18,0.0027262964398341322,4.560287391339063e-19,0.0,0.0,6.11146146283405e-19,0.0,3.623721015452617e-18,0.0,5.621508427540347e-20,2.1884277993786434e-18,2.293570861541616e-19,1.9437361135631433e-18
GB00B0YG1K06,1.9071321569585806e-18,9.152315202831845e-19,0.0,6.431673977446425e-19,0.0,2.9871038605450336e-18,7.045927624913021e-19,0.0,4.595708595457398e-18,0.0,1.1650435506202399e-18,0.010832586311110993,0.0
GB00B10RZP78,6.88683537212425e-05,1.2160493424222091e-17,9.388382533371875e-18,6.882483096695233e-18,0.0,1.2943274697023309e-18,0.0,8.75535046148344e-18,1.5495341575849014e-18,0.0,2.2357957354959847e-18,2.001475690423478e-18,0.0
GB00B135BJ46,0.0,0.0,6.676855255886206e-19,0.0,5.039595477775932e-18,0.0,0.0,8.47337408098526e-19,1.9792567421926878e-18,5.952238168606878e-18,5.368393657284695e-18,0.0,1.2383687645379913e-18
GB00B18P5K83,4.20343872891311e-18,0.0,6.450225398220223e-18,1.5508640972164244e-18,0.0,1.5925341472013049e-18,0.0,0.0,0.0,3.9036936774927164e-18,1.1658576423299874e-18,0.0,0.0
GB00B19Z1432,0.003105991560392936,1.7320793722540402e-18,0.0034871748617919065,1.5826870941995026e-18,4.070477486584563e-18,3.4712330193346146e-18,0.0,4.317247077730605e-18,1.5823440149958066e-18,0.0,2.2936417912356965e-18,4.705094921216366e-19,1.2409482446703974e-18
GB00B1FH8J72,0.0,0.0,6.8916138601916444e-18,0.0,0.009046302813079762,0.0,0.0036432976959619354,0.026578281006671187,0.04212497263946887,0.01840261005223567,0.005232288292155107,0.0,0.0
GB00B1JQBT10,0.0,0.0,0.0,0.0,3.53768938263132e-18,0.0,4.164808693352799e-18,9.805211054629416e-19,1.3454544738840766e-19,0.0,1.4167660832882711e-18,0.0,1.6150437066385132e-18
GB00B1JQDM80,2.1609264457506333e-18,0.0,0.0,1.2238122304727008e-18,0.0,3.3163349674251307e-18,2.7904902900070296e-19,4.667224150284868e-21,5.78609514899296e-19,0.0,3.954850412392339e-19,0.0038923220783676975,1.6242366980859694e-19
GB00B1KJJ408,0.0,0.0,2.729434323491631e-18,0.0,2.98960432157379e-18,0.0,1.5248392261534354e-18,0.0,4.113511679062153e-19,1.5865748155235434e-18,0.0,0.0,2.64181568388745e-18
GB00B1L5QH97,4.470604237995566e-18,0.0,0.0,0.0,7.947811593455809e-19,0.0,6.619705746824106e-19,5.02479754198994e-18,3.149374848955733e-18,0.0,0.0016134819017710003,0.0012767016026705796,0.0
GB00B1P6ZR11,0.008256588929819918,0.008091629429409074,0.00022498166405361263,2.937440725489366e-18,6.153870910260085e-20,0.0,4.2361174533746598e-19,2.523434394409776e-18,3.6119988049418825e-18,1.8638911968752287e-18,4.37817502354566e-19,1.5811082179589299e-18,3.5788783236604476e-18
GB00B1WY2338,0.0,0.0,3.4166514525851654e-19,3.518124628688174e-18,0.0,1.7570259023949154e-18,0.0,2.000175602654897e-18,0.0,0.0,2.5691598662471914e-18,6.481451960891343e-19,2.2023784925678275e-19
GB00B1XZS820,4.579658287909195e-19,0.0,1.776534109481158e-18,0.0,0.0,0.0,1.835175588539277e-18,0.0,0.0,7.181218043031669e-19,0.0,0.0,5.244335526023806e-21
GB00B1YW4409,0.0,2.9204223452924812e-18,0.0,0.0,1.7658134255009235e-18,9.388123320215543e-19,5.496021354590253e-19,1.3874135449684208e-18,0.0,7.302346470238887e-19,3.8103745464443494e-18,9.668486832388062e-19,0.0
GB00B23K0M20,0.0,0.0028154380866289774,0.01590446734608285,0.0,0.0,0.0,4.430029230069021e-19,5.976947613417012e-18,0.0,0.0,0.0,7.270616848293388e-19,2.4795877414971107e-18
GB00B24CGK77,0.0,0.0300564860099648,0.017266625763343448,0.06297811073924463,0.05925854623261159,0.057537697063577524,0.07351841555516545,0.056945515719438886,0.0809328553901039,0.0006618221285149568,2.5219047103797977e-18,7.377406768168866e-19,0.0
GB00B27YGJ97,1.457855174725339e-18,2.1495007122628778e-19,0.0,1.4566603492154565e-19,0.0,0.0,7.614254388588994e-19,0.0,0.004413209945997861,0.03602502606014698,0.007007280153433723,6.94012798107763e-05,6.660552903650073e-20
GB00B2B0DG97,0.0,0.014617319363944541,4.336808689942018e-19,0.003671813541806283,0.0,0.0,3.2476995190798035e-18,5.7978585660761504e-18,5.373021934615055e-18,0.0,3.414556047385081e-19,0.0,0.0
GB00B2NGPM57,0.0,0.0,6.5143723640689524e-18,0.0,2.7875977088971533e-18,0.0,0.0,4.872527789387324e-18,4.2880134439340795e-18,0.0,0.0,3.9657627004175414e-19,8.029879840248824e-19
GB00B2PDGW16,0.002001236812866659,8.708394207057356e-20,0.0,0.0006640015134597461,0.0,3.837964237228701e-19,0.0,6.357229992752371e-19,0.0,0.0,6.088597877014552e-19,1.312637345809179e-18,7.936033790229628e-19
GB00B39J2M42,0.026264761000094585,0.0,0.0013622940487333797,0.008941740388745822,0.018911066617151064,0.015806840925302237,0.0018926839094297403,0.003383406895234568,0.016563512804774933,0.01438927689044995,0.03150127692117634,4.852741930751325e-19,0.0
GB00B3DGH821,9.392304897269584e-19,2.4162875340703286e-05,0.004559986554993813,0.08689884260461174,0.08090650700754067,0.08673453489165386,0.04419618453786423,0.03250298275596625,0.0017860834370024559,0.0,0.0,0.0,1.128065594433992e-19
GB00B3FLWH99,0.0,1.2972758301043149e-18,1.774574844161007e-18,3.34491525695036e-18,0.0,0.0,2.081523229000674e-18,6.922762080884135e-19,0.0,0.0,8.416379907401409e-19,9.09724023221898e-19,5.745766330101592e-19
GB00B41H7391,6.093311926998649e-19,2.4733540401397546e-18,0.0,0.0,1.065077565570523e-18,0.0,7.107203346086165e-18,1.4885056758070222e-18,2.322285829986287e-18,6.220890457696496e-19,0.0,0.0,2.4959409572779403e-18
GB00B45C9X44,1.2405311456867306e-18,2.287408672153924e-19,0.0,0.0,0.0,3.186067263406099e-18,2.1427784894920588e-19,0.0,7.55210159888048e-18,1.0842021724855044e-18,0.02048650932769847,0.02463503862999856,0.005605124942924961
GB00B572ZV91,2.054325929625786e-18,0.0,8.341935103132051e-18,1.1511557773970258e-17,0.0,0.0,0.012751114910501989,3.1711716276274876e-18,5.06545596510602e-18,0.0,0.0,1.794699676753432e-18,1.136813975759559e-18
GB00B5ZN1N88,0.0,7.411862174476839e-18,5.434393799196324e-18,0.0,0.0,1.0358148571843177e-18,4.465888480171771e-18,7.6220209975966695e-19,0.0,2.3915504539758587e-18,0.0,3.0600773086256252e-18,2.5206800060169654e-18
GB00B61TVQ02,7.835568540057958e-19,3.864929226739768e-18,1.5531096514859141e-18,0.0,0.0,0.0,0.0,0.0,0.0,2.152283016538685e-18,1.6161775052797248e-19,0.0,0.0
GB00B63H8491,0.0,5.744837921557106e-19,1.0267955772453543e-18,9.37778050141491e-19,0.0,0.0,0.0,0.0,8.060473540059162e-18,4.7745904033955505e-18,0.0,0.0,0.0
GB00B63QSB39,0.03655204826892332,0.018817977713640757,0.030509758674112042,0.002333633752571382,0.0,0.0,8.443359845806188e-18,5.109374955464636e-18,6.170934398684039e-19,0.0,4.340181764525497e-18,0.0,0.0
GB00B67G5X01,0.0,1.6314165427425647e-18,7.710675656624448e-19,0.0,1.0909497496911574e-18,0.0,0.0,5.4922583936236576e-18,0.0,2.3019704430380996e-19,7.186538477489493e-19,0.0,1.0946459584348157e-18
GB00B82YXW83,1.970639139453243e-18,0.0,0.0,0.0,0.0,3.93721774986905e-18,6.98009186088896e-18,9.119366848074236e-19,9.884779827671765e-19,0.0,0.0,0.0,2.328813829953599e-18
GB00B8C3BL03,0.0,0.0,0.0,0.0,4.69692607677318e-18,0.0,0.0,1.132840756225431e-18,6.447114161721797e-18,0.0,3.355102068077573e-19,1.5344806622442629e-18,3.1618846389777887e-19
GB00BDCPN049,0.0,1.967431871886872e-21,0.0,0.0,0.0,2.0992681593426516e-19,2.741577647451871e-18,0.0,1.1264595297709652e-18,0.0,8.8687769410779e-19,1.6319302896019291e-18,7.507533084586057e-19
GB00BDR05C01,0.03226413485597123,0.010013302469793149,6.141380769871643e-05,0.024839127723374026,0.023679353939184748,0.030633393084160337,0.023525637175104988,0.042300586214840834,0.03594844031607388,0.04749302883836082,0.06422120242566569,2.6020852139652106e-18,0.0620607893939008
GB00BF044593,0.0,1.496263901672401e-18,8.81849945557303e-19,0.0,0.0,0.0,4.371554678597445e-18,1.587039171043535e-18,2.890245230286742e-18,0.0,0.0,1.5962832001846836e-18,8.139495532973142e-19
GB00BF5H9P87,0.0,2.0975145995829346e-18,0.0,0.0,1.1815296427978193e-18,1.8009296494291327e-18,3.112022597157632e-18,0.0,1.3702858719968159e-18,0.0,0.0,4.704380905541851e-19,1.4841919104285595e-18
GB00BG11K365,0.0331682592432659,0.011461245113673971,1.1354410782911064e-18,0.0,4.243010847284364e-19,2.7282944643098614e-18,1.1473622383665142e-19,0.0,2.5550142094268963e-19,1.6861319746892465e-20,2.2330550684129194e-18,0.0,0.0
GB00BGLP8L22,0.0,0.0,0.0,6.910930183987497e-20,3.0425941080602766e-18,0.0,0.0,4.009461890963675e-19,2.9356818808281274e-18,0.0,3.345807515522767e-19,0.0,0.0
GB00BH4HKS39,6.211515950433397e-18,3.702306621185407e-19,0.0,0.00729162373319072,0.011249294225408987,6.539771847640504e-18,0.0,1.1615356974935826e-17,1.305562174865209e-18,0.0,1.8863807640062554e-18,0.0,0.0
GB00BJFFLV09,3.672534778685008e-18,0.0,6.900811530387026e-19,1.8623126541733169e-19,1.6227628060689421e-18,0.0,8.106280834531406e-19,0.0,3.0575505418435903e-18,8.124399070561704e-19,4.048329037862971e-18,5.808043066899681e-19,2.243560236685241e-19
GB00BK7YQK64,0.0,7.41072749307724e-19,2.1838642059151937e-18,4.1269533676847564e-18,8.39567711833239e-21,2.604477284108092e-18,0.0,0.0,3.4125295288428782e-18,3.810172278966532e-19,2.2027815551658147e-18,3.1346734842075674e-19,9.447676552491239e-19
GB00BK9RKT01,2.0880162636812368e-18,0.0,4.2925277400638767e-19,0.0,0.0,0.0,0.0,2.9531322449499915e-18,4.063512423809912e-18,0.0,1.1139370193367796e-19,0.0,0.0
GB00BKP36R26,1.6902276210261847e-18,1.8472329614069175e-18,1.310252252993159e-19,5.48054691933103e-18,5.913360890946511e-19,0.0,0.0,2.7537974064334257e-18,0.0,0.0,0.0,2.0978280427410176e-18,1.936308885756045e-18
GB00BKY40Q38,0.0,0.0,0.0,2.4823651583639986e-18,0.0,9.240701832476514e-19,3.7908372561559344e-18,0.0,2.941165257122443e-19,0.0,0.0,3.456490822193037e-19,1.8217487439574516e-18
GB00BL6XZ716,0.0,0.0,0.0,0.0,0.0,0.0,4.994680982648248e-18,0.0,4.697076668215235e-18,0.0,4.949042449358953e-19,1.6157999599840673e-18,1.1741617781800784e-18
GB00BLGZ9862,0.0,4.720584134873634e-18,2.9992610601366422e-18,0.0,0.0,1.7717546687015565e-18,0.0,2.3954836507223842e-18,2.9332369903173467e-18,0.010946707769829025,0.0032741488633440605,3.9069635260871207e-19,3.7295135788495807e-19
GB00BLJNXL82,0.0,1.7927516812318967e-18,2.2768245622195593e-18,1.9740630377666547e-19,0.0,5.376527814228037e-19,1.3699552196478944e-18,0.0,3.541421289028919e-18,0.0,2.517732348526697e-18,4.776405804085344e-19,0.0
GB00BM8PJY71,0.0,0.0,0.0,1.3872097783798562e-18,5.1086204140348e-19,1.7735054068137343e-18,0.0,1.7551145495375704e-18,2.8077792824998894e-18,1.1801308722223885e-18,2.987015099014555e-19,0.0,0.0
GB00BMJ6DW54,1.2655527162911908e-18,8.6280063710694705e-19,2.2914757641745694e-18,1.397200463807619e-18,1.5655622421868476e-18,2.3353795371835334e-19,0.0,2.3710131657080075e-18,9.490088655591563e-19,1.5942975323063702e-18,2.8230865527624194e-18,0.0,0.0
GB00BN7SWP63,0.005299868045576279,0.0011597149137032615,5.204170427930421e-18,0.0016551730749916147,0.008172133438278653,0.029227871749100912,0.005502588924977155,2.3351976667511124e-19,5.2822036823000985e-18,1.0684448669336238e-17,4.123023801802412e-18,0.0,8.419797741679936e-19
GB00BNNTLN49,0.0,0.0,2.9320951425363943e-18,5.520543124132439e-18,1.882933135787144e-19,0.0,0.0,0.0,1.2088854223213374e-17,0.011651413563269873,0.006977335044050879,0.0,0.016018863313485787
GB00BNR4T868,3.619519282818821e-18,0.0,7.041578208896771e-19,0.0,0.0,3.9314225548239766e-19,0.0,7.887386123439661e-18,1.626366609877242e-18,0.0,0.0,0.0,0.0
GB00BP6MXD84,1.5060001729348136e-19,0.0,5.199522651395057e-19,0.0,1.7564692251432616e-18,0.0,0.0,1.7780800448278232e-18,0.0,0.0,1.6340082391173034e-19,7.273347460425519e-19,0.0
GB00BP92CJ43,0.0176517119615061,4.888227362358466e-19,0.0,2.8822624322525795e-19,0.0,5.655763262126763e-19,3.824359740541966e-18,3.3718367433182035e-18,0.0,0.05173739767225312,0.07291285697115399,0.056851643291883754,0.0
GB00BP9LHF23,0.0,0.0,1.1461900944783363e-18,0.0,0.0,1.599713876350982e-18,2.0936222078908095e-20,0.0,0.0,1.1452632128127073e-18,0.0,0.0,0.0
GB00BPQY8M80,1.6356492942144863e-19,1.486660092275431e-18,0.0,0.0,1.293146443086598e-18,0.0,0.0,2.2961565373163986e-18,3.835323595887704e-18,0.0,0.0,0.0,2.0216580687418334e-18
GB00BVFNZH21,0.0,4.084920837813878e-18,1.2740283292353614e-18,1.0052991789993856e-18,2.4555976792041567e-18,1.3644376545016e-18,0.0,1.1438325646292504e-18,1.062309523808987e-18,3.077518909180733e-19,5.719363996593314e-19,7.670858612665538e-19,2.7714873974814485e-19
GB00BWFGQN14,0.0,0.0,0.0,0.0,4.1180424747450865e-19,3.1118428896111707e-18,0.0,3.673152290262469e-18,0.0,0.0,1.1304116319725296e-18,1.1716132703486247e-18,1.4600015404189372e-18
GB00BYT1DJ19,1.6549475416988634e-18,0.0,2.0572828112201897e-19,0.0,0.0,0.0,4.476036961905866e-19,2.9292655917132964e-18,0.0,0.0,0.0,4.786612456750118e-19,0.0
GB00BYW0PQ60,0.0,1.2286959973087982e-18,4.944444104057737e-19,0.0,3.1800787830713265e-18,4.880577938975891e-18,1.6927382327290966e-18,2.1696345380459484e-18,2.5602041530007513e-19,1.6349027446773385e-18,0.0,0.0,0.0
GB00BYYTFB60,2.1930984897601643e-18,4.3768321374281465e-19,0.006087542155426302,0.0,7.262561002725313e-19,5.0350706611322925e-19,0.0,3.401474464888735e-18,1.3292494389071875e-18,6.505712482175984e-18,3.5487008128942624e-18,0.0,2.3418766925686896e-17
GB00BZ4BQC70,0.0,0.0,0.0,4.722669571432556e-19,5.549079880688931e-18,0.0,0.0,0.0,3.0393393636309824e-18,1.2118888602736925e-18,1.4878707523897118e-18,0.0,0.0
IE0002424939,0.0,3.698205326560035e-18,7.728217313733408e-18,2.666394211915935e-18,2.934029103446393e-18,0.0,0.0,0.0,6.718908035860653e-19,0.0,0.0,0.0,1.1816043352639077e-18
IE0003864109,0.0,5.5065048801805856e-18,3.32112998167925e-19,3.9357161929010146e-19,0.0,2.624573953050911e-18,0.0,0.0,0.0,0.0,0.0,0.0,0.0
IE0004906560,5.36959762201533e-18,0.01890170951633065,0.0001865437928691448,4.919567357652976e-18,0.0,0.0,0.0,4.660006283846896e-18,1.199738936279085e-17,0.0,0.0,0.005944834103655843,0.0
IE0004927939,3.875100362987842e-18,0.0,0.0,0.0,4.3793461528300015e-19,0.0,1.797376402455457e-18,1.2752805171109871e-18,0.0,2.5592241723684505e-18,0.0,0.0007034292595036014,0.06786082391296246
IE00B00MZ448,3.1434914211954543e-18,3.393848979895838e-19,0.0,4.130418895259266e-19,2.2150709748101742e-18,0.0,4.917853868475463e-18,0.0,0.0,2.361370042117745e-18,8.746800987678813e-19,1.6832086725556637e-18,4.279242614625682e-19
IE00B8KQN827,0.0,0.0,1.3363688220179269e-18,0.0,1.3918921553796795e-19,0.0,0.0,1.3420493984150076e-18,5.487112598255809e-18,3.834953862492985e-19,1.0952531156662812e-18,0.0,7.759475494905366e-19
IE00BD1RP616,0.0,1.2299929303988928e-18,5.011605167349672e-18,3.75809048965645e-18,7.513686547082591e-18,5.3995764114662516e-18,3.973995558724596e-18,0.0,0.0,0.0,1.2388254512920613e-19,0.0,0.0
IE00BF0L3536,0.0,2.192509216846122e-18,1.8620411121057903e-18,0.0,2.0616217677028265e-18,1.950615423330259e-18,4.459438352539538e-18,3.622114099690601e-18,0.0,0.0,4.032008929125276e-18,1.2536673572915807e-18,0.0
IE00BK9ZQ967,0.0,1.931723094782579e-18,1.9963671852671282e-18,1.2917191047577018e-18,0.0,2.418709703414954e-18,8.623953140197415e-19,0.0,1.6102133857867376e-18,0.0,8.985490825068152e-19,0.0,2.591114181473499e-19
IE00BLP1HW54,0.032732212585630346,0.08495166574880407,0.09742098380624409,0.08814212446785831,0.08067755483537832,0.10380659097698144,0.12429033591848102,0.12044576644636283,0.10016895922387606,0.01889201380731094,0.003025799209169777,0.006077116361709811,0.0
IE00BLS09M33,0.01989637382891836,0.010290708553212733,0.017839756856786734,0.0,0.0013371322289819397,0.0,0.0,4.0271236571431e-18,0.0,0.0,1.615847741847407e-18,0.0,0.0
IE00BTN1Y115,0.03217860187716341,0.059339373230578044,0.033496051338132195,0.003685905515361863,0.0,2.5891557416818116e-18,4.8210193049064795e-18,7.505556939855866e-18,0.013612716597489312,0.037495961103045684,0.02904013972327071,0.06037473595833725,0.012075094007696978
IE00BWB8X525,8.114238805285699e-19,0.0,2.46206742382545e-19,5.531050965003214e-18,6.310385781263917e-18,1.088151014447376e-18,0.0,0.0,4.329054223473966e-20,4.904259681556101e-18,0.0,0.0,0.0
IE00BY7QL619,1.7273907688309958e-19,1.0513670544896882e-18,0.0,0.0,3.260980611790043e-18,1.0265700817317703e-18,0.0,3.341776506461864e-18,0.04335155072351183,0.1338208460104028,0.07160251825548597,0.08567732913768074,0.017508548816831154
IE00BYTBXV33,0.006030109067437251,0.030521953967279674,0.0006815314966564187,0.001939524996562961,0.008215477400421231,0.00963651446948883,6.843777028054183e-18,0.01989998306157914,6.2792970265110074e-18,0.0,0.02949699983729694,0.0,1.3005248186627744e-18
IT0000062072,0.0,1.0494617091430851e-18,2.3905912052838158e-18,0.0,0.0,0.0,3.1450837735285255e-18,5.4617408427116534e-18,3.633110891418047e-18,3.474048575043007e-20,0.0,0.0,2.3488890734486775e-20
IT0000062957,1.5259972148380586e-18,0.0,9.091177649324015e-19,0.0,0.0,5.108863830536778e-18,0.0,2.9498188029807974e-19,0.0,1.1528276602013313e-18,4.0969540635167736e-19,1.600588238980941e-18,0.0
IT0000072618,0.0,1.4233222815987317e-18,0.0,0.0,0.0,4.385745268189002e-19,0.0,0.0,2.3956275091469572e-18,1.4079611203618558e-19,3.064456947386674e-18,1.017038501485624e-18,0.0
IT0001137345,7.976905904983289e-19,0.0,0.0,0.0,0.0,1.698558637014204e-18,0.0,0.0,0.0,0.0,2.7719675038663795e-19,0.0,9.748444748699646e-19
IT0001233417,7.553368503558086e-19,4.574069471891501e-19,3.901241878609838e-19,0.0,0.0,0.0,0.0,6.1337367568484175e-19,1.6027149417035107e-18,0.0,1.5894670417020456e-18,3.775408660205754e-19,6.622604209272283e-19
IT0001347308,1.3348093270907538e-18,4.277349176753498e-19,1.1837613730300119e-18,9.43580302154426e-19,0.0,2.7417656048929847e-18,0.0,0.0,9.841913572032559e-19,5.05680306246409e-19,3.685345826243165e-18,7.275300131211086e-19,6.30347685054427e-18
IT0001469383,2.481977294824993e-19,3.3653154148368403e-18,2.970689298907706e-18,3.037913372797547e-18,3.6039067948989374e-18,0.0,1.9997259160323632e-18,2.906142420828787e-18,0.0,0.0,0.0,1.8030896155196352e-18,0.0
IT0003128367,0.0,1.3728357454778624e-18,0.0,0.0,0.0,2.691924388264856e-18,6.300451011773839e-19,1.1756094343375638e-18,0.0,0.0,7.947257247874988e-19,0.0,4.409959591054852e-19
IT0003132476,0.0,5.0985027627213875e-19,1.8952198543588272e-18,0.0,1.629666066300538e-18,0.0,4.788935770574262e-18,0.0,2.227757363902995e-18,1.6547304065024386e-18,0.0,1.8937026474812457e-18,6.3409072211081845e-19
IT0003497168,1.5446975246779989e-18,0.0,0.0,0.0,3.492385266712402e-18,6.807632485505699e-19,0.0,3.1375591604719163e-18,0.0,0.0,0.0,8.532075445796834e-19,4.499508890297061e-18
IT0003856405,2.6697908829199997e-18,4.3094727934724866e-19,0.0,0.0,1.1462076672680752e-18,0.0,0.0,0.0,3.285582114525036e-19,0.0,0.0,9.845009028556317e-19,1.4851433113393834e-18
IT0004810054,0.0,0.0,0.0,4.807623194496591e-18,3.819394061867197e-18,2.6132139335593106e-18,0.0,5.1397148473697616e-18,0.0,7.251474045946632e-18,9.852697324872733e-19,0.0,6.784609269423604e-19
IT0004827447,1.809063960122198e-18,0.0,0.0,3.0419241300556824e-18,0.0,0.0,1.1449824512948816e-18,2.4440030203747876e-19,0.0,0.0,0.0,3.1608147250509106e-18,0.0
IT0005218380,2.17860000915269e-18,1.3215640323019233e-18,0.0,0.0,0.0,1.2206467834799415e-18,0.0,4.5659646979836544e-18,0.0,1.3081497896855658e-18,0.0,0.0,1.1752378425795682e-19
IT0005239360,0.0,4.519864357429966e-19,3.2788926305254883e-19,3.694812142321107e-19,0.0,1.2704020502453365e-18,0.0,3.3716528636104263e-18,2.564775477164988e-18,0.0,0.0,0.0,0.0
IT0005495657,0.0,3.611549361818191e-18,2.5474960651986352e-18,0.0,1.7652825788101845e-18,0.0,1.3112282435895584e-18,0.0,1.8627141091728968e-18,1.622769575521923e-18,1.1377048551295582e-18,1.5486101675278774e-18,8.28966571466128e-19
IT0005496473,0.0,0.0,1.4470845702314515e-18,2.5579191471107306e-18,0.0,2.0207075564146336e-18,0.0,2.5136264055180497e-18,6.894955872570793e-19,1.987825913016004e-18,1.426363630670788e-18,3.616276339762613e-18,5.3340745231473754e-18
IT0005508921,0.0,1.7384350256693715e-19,2.2359459304573187e-18,0.0,0.0,0.0,0.0,1.5085139269161165e-18,4.0397561616502896e-18,6.838732847973982e-19,0.0,6.004344973179134e-20,0.0
NL0000009082,0.006401651637471435,0.0,8.01152889411674e-05,0.0,0.028301827196868967,7.101664180328258e-18,2.0742814941879003e-17,0.001688425637779956,1.214306433183765e-17,0.0019844387119945486,0.015516969046488723,6.165552823064052e-18,0.0
NL0000009165,4.592956146143733e-18,9.092854740072321e-19,0.0,0.0,0.0,1.77248858683928e-18,2.7829130294738948e-18,0.0,2.4139909619429593e-18,0.0,1.3751018865276658e-18,0.0,0.0
NL0000009538,3.552275775296888e-18,0.0,0.0,5.338839645608456e-19,0.0,0.0,0.0,0.0,1.5207295744393854e-18,1.324264570634675e-18,0.0,2.0143450516860137e-18,0.0
NL0000226223,0.0,5.166237585573574e-19,4.463262356799079e-19,0.0,0.0,5.05677630703699e-19,6.333054294197704e-19,6.552347255333902e-19,0.0,0.0,8.738203671538883e-19,0.0,2.561170617681044e-19
NL0000289213,0.0,2.9676381812055525e-20,8.530259704773564e-20,0.0,3.562663961480843e-18,0.0,3.353404040083521e-19,8.917291108704137e-19,1.853102298429025e-18,0.0,0.0,0.0,6.255947041337752e-19
NL0000337319,0.0,1.0332930910751217e-18,1.4931708393554077e-18,0.0,2.121427069472202e-18,0.0,0.0,0.0,0.0,0.0,0.0,4.058886722924416e-18,3.258586981091456e-18
NL0000360618,0.0,1.735700734745493e-18,0.0,0.0,0.0,9.233730887902355e-20,0.0,1.696588177044467e-18,0.0,1.41712974938146e-18,2.3819556722954445e-19,1.4396334680080729e-18,0.0
NL0000379121,0.0,2.693586489843309e-18,0.0,8.323811535108399e-19,0.0,4.234573717160484e-18,1.2099191712978537e-18,0.0,0.0,1.804066949725433e-18,2.310177303810277e-19,9.748458810421383e-19,0.0
NL0000395903,0.0,3.1921450654686995e-18,0.0,0.0,3.5459676054856104e-18,3.1911673026704814e-18,5.256336045942894e-18,2.1641424317937094e-18,4.950889386114556e-19,1.281907048930378e-18,1.5033774364253085e-18,0.0,2.1497888144751094e-18
NL0009432491,2.2523128551173183e-18,0.0,0.0,0.0,1.1341292617238485e-18,6.9761976762078415e-19,3.034388717320238e-18,3.691756569359792e-19,4.730588740426141e-18,0.0625958994758099,0.10342700660165043,0.05107327615908379,0.09354863045286967
NL0010273215,3.789351720755254e-18,3.0189590142502806e-18,2.7209611861903977e-20,0.0,0.0,0.0,1.261233689136716e-18,1.310884845592347e-18,0.0,0.0,1.1486234172249399e-18,0.0,1.928572505220243e-19
NL0010583399,2.4465540155407723e-19,3.471159126996781e-18,0.0,0.0,0.0,2.0466663088010482e-18,2.112849211023671e-18,1.440066462696136e-17,0.0,0.00016462750524979782,0.0,8.658132926132328e-19,0.0
NL0011794037,1.0314236209551846e-18,0.0,0.0,3.96499525438462e-18,2.466558440818903e-18,0.0,1.5890590690147099e-18,1.0484910874646349e-17,2.4465422133053013e-19,0.0,1.3272460259100344e-18,0.0,0.0
NL0011821202,2.8994963693605e-18,0.0,0.0,3.5941075359502675e-18,0.0,0.0,4.963174547690619e-18,0.0,1.7813280760741875e-18,3.631619037509056e-18,2.6073869702845036e-19,2.6608331234012786e-18,0.0
NL0013267909,1.5534648597598462e-18,1.9378408173193416e-19,6.55684732997488e-19,0.0,9.653254854802713e-20,0.0,7.7866386092696225e-19,4.987842907755638e-19,0.0,5.477416092864498e-19,0.0,2.426046208732862e-18,2.4828685954457693e-18
NL00150001Q9,7.313675893320721e-19,6.682888114467822e-19,0.0,1.1810179892831538e-18,2.3089775427726026e-18,0.0,0.0,0.0,1.4630415703845306e-18,0.0,0.0,8.532858986518519e-19,0.0
NL00150003E1,0.0,2.593567909290898e-19,0.0,9.639712637482342e-19,0.0,2.695812481088959e-19,0.0,2.4773296737958012e-18,0.0,2.11819965751214e-18,1.1435736251593828e-18,3.834257657803996e-18,6.067204081679968e-19
NL0015001FS8,0.0,1.3089825040200084e-18,4.4643497461599316e-18,0.0,0.0,2.9477612349356266e-18,0.0,4.46522049343577e-19,0.0,0.0,4.0818887202294806e-19,0.0,1.5204224556641143e-18
NO0003028904,0.0,2.896056345149799e-18,0.0,7.596672560408608e-19,1.941109574866977e-18,0.0,4.756091775485888e-18,2.317566438998296e-19,5.980268078999962e-18,4.688368440300406e-19,1.4177860820168437e-18,3.1352794558580302e-18,5.266447488816913e-19
NO0003053605,0.0,0.0,2.5708286274787657e-18,0.0,0.0,7.149059241305659e-18,2.6340753719941206e-19,0.0,2.7006065860864493e-18,0.0,0.0,0.0,3.258841681318761e-18
NO0003054108,2.5127950277656932e-18,8.2695652475079725e-19,1.0212513934351266e-18,0.0,0.0,1.3788697472500757e-19,0.0,1.0939926522271494e-18,3.378031686864239e-18,1.1122851785735513e-20,0.0,0.0,1.3674816543780999e-18
NO0003078800,0.0,1.4387946861590709e-18,0.0,2.96531748913149e-18,1.5162466596566346e-18,3.631816797240447e-18,0.0,1.1828311630875742e-18,0.0,0.0,2.1079894647770247e-18,0.0,4.858844247233342e-19
NO0003733800,0.0,0.0,2.9235815925851957e-18,0.0,0.0,2.0894295950850115e-18,2.6268584850624328e-18,0.0,0.0,1.3283909430091787e-18,0.0,0.03263204715269784,0.003368347043518297
NO0005052605,0.0,2.6716603871896568e-18,0.0,0.0,3.772521776057064e-18,2.8527781033755246e-19,0.0,0.0,5.39046924874236e-18,0.0,0.0,1.6910027367599168e-18,0.0
NO0010199151,1.371775795346526e-18,7.495793404073521e-18,0.0,2.5755106924996016e-18,6.427048407480556e-19,0.0,2.5146648945314374e-18,2.9103669238132824e-18,3.795739148990513e-18,0.0,0.0,1.7876009876409747e-18,4.4682262565537714e-18
NO0010861990,6.338227345927718e-19,0.0,3.3117315282344156e-18,4.963062827728021e-19,3.00036075975863e-18,0.0,0.0,0.0,2.560664170449558e-18,0.0,0.0,3.1346168508215325e-19,6.057300969101647e-19
NO0012470089,1.6168778684361616e-19,0.0,0.0,0.0,0.0,4.063549230516178e-18,0.0,0.0,0.0,1.2427436509133397e-18,0.0,9.052841181059307e-19,2.029051633789426e-18
PTBCP0AM0015,0.0,1.6494295002544615e-18,5.375475765795036e-19,3.532300949823427e-18,2.693452554596896e-18,1.7858594617132103e-19,0.0,4.111723359421251e-18,4.839771959272632e-18,1.5279836530218262e-18,1.7729919125684533e-18,0.0,1.0220700190711106e-18
PTEDP0AM0009,0.0,3.3451990385199126e-18,0.0,0.0,2.7483747018039505e-18,1.7159028628472282e-18,5.632849838848993e-18,0.0,5.2032994879324636e-18,5.444362295146633e-18,0.0,0.0,0.0
PTJMT0AE0001,1.937630114359873e-18,2.1597114471741875e-18,0.0,0.0,2.9420024632728115e-18,1.1522085383312217e-18,0.0,8.112685343104485e-19,7.938208420104752e-19,7.569831505099234e-19,4.6484100536554626e-18,4.127720077142733e-19,1.6711929133746459e-18
PTSON0AM0001,3.0606970784294037e-18,1.4270089842503216e-19,0.0,2.5617517571163425e-18,1.0482374401907957e-18,0.0,1.1287651431367962e-18,1.7379271256971434e-18,2.249744776981765e-18,4.435756399614743e-19,0.0,8.975131232321327e-19,1.558210331357372e-18
PTZON0AM0006,4.792837428242866e-18,2.4159889981243465e-19,4.699328975021401e-18,1.7344042636228109e-18,0.0,5.503401934858513e-18,3.491879989189173e-18,0.0,1.3483219359536207e-18,4.235478136365409e-19,3.625718464710261e-18,1.150675609048941e-18,1.5406258507512189e-18
SE0000106270,2.0636683157435355e-18,4.0041904899601024e-18,3.6056177545120006e-18,0.0,2.892469873482609e-18,0.0,3.534746773034648e-18,0.0,0.0,0.0,3.951858737010895e-18,6.250363707497776e-19,2.735378342117007e-19
SE0000108227,0.0,0.0,5.157588963572957e-19,9.593199393816984e-19,0.0,2.937413111305985e-19,0.0,2.6625300601230288e-18,1.7273363234290925e-18,6.302889407293887e-19,6.295332149524251e-19,3.420930873322238e-19,2.4561891326925384e-19
SE0000108656,5.666083700706182e-20,1.6575338284885602e-18,1.9201906046884866e-19,0.0,1.9625894629428156e-18,0.0,0.0,2.220851481508022e-18,7.032006185768535e-19,0.0,3.866769540125451e-19,0.0,0.0
SE0000111940,0.0,0.0,0.0,0.0,0.0,0.0,1.8687469865732158e-18,0.0,4.902445869157339e-18,0.0,7.741210476480917e-19,0.0,0.0
SE0000112724,0.0,1.5538679827955136e-18,0.0,4.524018170382734e-19,0.0,7.56209183679275e-19,0.0,0.0,8.032596108596837e-19,0.0,6.202561977576749e-19,2.0119462715619808e-18,2.3908963456055745e-18
SE0000113250,0.0,0.0,2.240357923790365e-18,8.261214722052322e-19,0.0,0.0,1.0838137782430518e-19,5.768394251147861e-19,0.0,2.477823449396882e-18,0.0,0.0,0.0
SE0000114837,0.0,0.0,5.83155738319096e-20,8.261897259901296e-19,0.0,0.0,0.0,0.0,0.0,8.881480864776387e-19,0.0,1.440093254759487e-19,8.459533692809703e-19
SE0000148884,0.0,2.6939501460934657e-18,1.2782762393059506e-18,0.0,1.6555670229050794e-18,1.4735012372248253e-18,5.553054533478477e-18,2.370600449725877e-19,2.177481185177402e-18,0.0,1.1484448219576212e-18,6.261268787663121e-19,0.0
SE0000163594,0.0,1.1048318826905573e-19,0.0,0.0,2.662415165219885e-18,0.0,0.0,0.0,3.473838283174754e-18,0.0,0.0,0.0,0.0
SE0000163628,0.02568742001466251,0.0,0.0,3.522729866621129e-19,1.3443718862354427e-18,4.2664096288130925e-19,0.0,0.0,8.581140179983281e-18,0.0,0.019117128232765904,0.009484931512234826,0.0
SE0000171100,3.9935495741561646e-18,0.0,0.0,1.4767017255250045e-18,1.944474403119054e-18,4.016562965846762e-18,5.3202594360909205e-19,2.674029011988398e-18,0.0,4.6215867684833146e-18,4.257413992322476e-19,2.516854924106107e-18,0.0
SE0000190126,1.3452594298097137e-18,2.0063404847615116e-18,2.5673593830991963e-18,2.2866891759166354e-19,2.270709051581922e-18,4.5486131174345795e-18,0.0,0.0,1.4347572848100385e-18,0.0,3.4438885525913633e-18,0.0,0.0
SE0000202624,0.0,0.0,3.4392414357762244e-20,1.791332710869728e-18,1.3507771134731821e-18,1.6594409224974758e-19,6.825001487945174e-19,0.0,2.5398799442894315e-18,0.0,0.0,0.0,1.4212377409807317e-18
SE0000242455,0.0,0.0,0.0,0.0,2.4783266876649144e-19,0.0,0.0,0.0,1.6995996147079788e-18,6.19265162589453e-19,0.0,1.5544312209241556e-18,2.13165549937733e-18
SE0000379190,0.0,0.0,0.0,1.3157413474971101e-18,9.38830923099505e-19,0.0,0.0,1.4892017590125418e-19,0.0,2.9146787836421057e-18,0.0,1.308591916351352e-18,1.3432290100413548e-18
SE0000667891,2.912589022469457e-18,2.0128402639927205e-18,1.9491606554968096e-19,2.4794027982845003e-18,9.300738289241298e-19,0.0,7.306418687736926e-20,0.0,2.4374242158452236e-19,1.9884220489001157e-18,1.8342745374049673e-18,0.0,0.0
SE0000806994,0.0,1.7463341660005265e-18,8.291290198140399e-19,1.5361397284923581e-18,2.6567036248856478e-18,3.0813937175603482e-18,0.0,2.797742357559793e-18,1.4083199917809144e-18,0.0,2.2875219685388595e-19,0.0,0.0
SE0003366871,0.0,9.004054314443693e-19,0.0,2.7014144037121094e-19,0.0,4.632746537694991e-18,1.3600133593571354e-18,1.675540220515632e-18,9.899467106301693e-19,6.359364576110678e-19,8.597215983944272e-19,9.109591444712851e-19,1.2147445455839748e-18
SE0005190238,0.0,0.0,1.9427031431190814e-18,1.477035466675086e-18,9.857255423190252e-19,1.3144247302148438e-18,2.277747355295171e-18,0.0,2.742333462209808e-18,0.0,3.954917451070323e-18,3.4592203894465164e-19,0.004555982260421386
SE0006993770,0.0,8.650103580920888e-19,0.0,0.0,1.0115421983037054e-18,0.0,0.0,0.0,4.729030682450006e-18,2.5078775507445683e-19,2.5837466468951254e-18,0.0,0.0
SE0007100581,0.0,1.5998446788452383e-18,0.0,0.0,2.544078285131739e-19,1.025524362941349e-18,4.867769751219138e-19,0.0,0.0,0.0,1.4134991358346556e-18,0.0,0.0
SE0007100599,1.828100304630282e-18,1.4179242801483655e-18,0.0,2.0133432034762336e-18,3.720041490784135e-18,0.0,4.870176412761434e-18,0.0,2.1028836751935214e-18,0.0,0.0,0.0,3.0131631236912605e-19
SE0011090018,0.0,0.0,1.7816921320055506e-18,0.0,6.117904668119782e-19,1.523274399329636e-18,1.9954184131472306e-18,0.0,0.0,0.0,6.918214146761989e-19,0.0,1.3590758776595153e-18
SE0011166974,0.0,7.496783979582281e-19,2.3028943037517287e-18,4.56617866876392e-18,7.142476173933198e-19,0.0,6.2030652676019676e-18,0.0,5.755029496966264e-20,0.0,0.0,0.0,3.635879036082282e-18
SE0015810247,0.0,3.660690031392498e-18,0.0,9.014045721554544e-19,2.9120938585143187e-18,0.0,0.0,5.758958271616686e-19,3.1152581761506256e-19,0.0,0.0,0.0,0.0
SE0015811955,9.17088309522373e-19,0.0,0.0,1.5276257833931585e-18,3.4290548081556717e-19,3.823647238207748e-19,0.0,0.0,0.0,1.327135851449625e-18,0.0,0.0,2.5079653589120452e-18
SE0015812219,0.0,0.0,5.036451923424325e-05,0.006525023285416455,0.0007951854712963987,0.0,2.4687690599714786e-18,0.0,0.0,1.0200919958191748e-18,0.0,0.0,2.562646727791074e-19
SE0015961909,0.0,0.0,0.0,3.4104336054505345e-18,0.0,5.6320828108014764e-18,0.0,0.0,1.9131260965729435e-18,8.223659691670584e-19,1.5020599486412972e-18,0.0,0.0
SE0016589188,0.0,0.0,0.0,3.10557718299642e-19,0.0,2.575980140691683e-19,0.0,0.0,0.0,1.8473193951309404e-19,0.0,0.0,6.679608731161744e-19
SE0017486889,0.0,2.504396149469404e-18,0.0,1.5740180137092793e-18,0.0,1.0101307885548107e-18,0.0,0.0,1.3079539287838354e-18,8.837988626710657e-19,7.49635351078743e-20,3.016032578791942e-19,0.0
SE0018012494,5.191165734367727e-19,3.522608872749111e-18,2.998119975863997e-18,7.473015254925366e-19,1.8638084065058754e-19,0.0,0.0,0.0,1.4329360531351165e-19,0.0,0.0,0.0,0.0
SE0020050417,6.140977348153308e-19,3.527765508134417e-18,3.759679229448543e-18,4.271117037483091e-18,0.0,0.0,5.8297108107301876e-18,0.0,1.8937245413296248e-18,1.6565889916621201e-18,1.4921194706990255e-19,5.666511799942518e-19,0.0
