x,fun,jac,nit,nfev,njev,status,message,success
"[1.80563211e-18 0.00000000e+00 1.67156021e-18 1.19008213e-18
 0.00000000e+00 0.00000000e+00 0.00000000e+00 2.37160725e-18
 5.76674215e-18 3.62426180e-18 5.72375482e-18 6.04593405e-19
 0.00000000e+00 1.82775002e-02 8.71587784e-19 0.00000000e+00
 1.31867145e-18 1.68534431e-01 1.20993478e-17 1.52800292e-19
 0.00000000e+00 2.65410760e-18 1.05248987e-01 1.66197593e-02
 0.00000000e+00 0.00000000e+00 4.15085294e-02 0.00000000e+00
 7.27059855e-19 0.00000000e+00 1.05426230e-18 0.00000000e+00
 2.60870884e-18 2.06511131e-18 0.00000000e+00 0.00000000e+00
 0.00000000e+00 9.67538625e-02 1.90597723e-18 0.00000000e+00
 0.00000000e+00 0.00000000e+00 0.00000000e+00 0.00000000e+00
 9.40561946e-03 7.04502828e-02 7.26496307e-18 0.00000000e+00
 1.14517993e-17 0.00000000e+00 0.00000000e+00 6.72588117e-18
 0.00000000e+00 0.00000000e+00 0.00000000e+00 0.00000000e+00
 1.32208016e-17 3.13047477e-18 1.45023992e-18 3.97376058e-18
 0.00000000e+00 5.24082538e-19 0.00000000e+00 4.22305020e-18
 0.00000000e+00 4.63577930e-18 3.41775455e-18 0.00000000e+00
 4.43630163e-19 0.00000000e+00 3.84583620e-18 2.82318447e-18
 2.10780043e-18 1.94601710e-02 3.45161733e-18 0.00000000e+00
 0.00000000e+00 3.90896343e-18 0.00000000e+00 4.59410791e-18
 0.00000000e+00 3.18469742e-18 1.03437335e-18 0.00000000e+00
 8.58480745e-18 4.30000950e-19 0.00000000e+00 0.00000000e+00
 4.58797791e-18 1.14428690e-18 1.55111175e-18 0.00000000e+00
 0.00000000e+00 0.00000000e+00 0.00000000e+00 6.64774203e-18
 1.13104711e-17 0.00000000e+00 1.14249083e-17 7.26702410e-19
 0.00000000e+00 1.06645227e-17 1.85903261e-18 0.00000000e+00
 1.06397725e-18 7.60570417e-02 3.44675571e-18 0.00000000e+00
 0.00000000e+00 7.29938464e-18 0.00000000e+00 1.19923086e-19
 3.65616262e-18 1.65489537e-18 4.51169842e-19 3.63903222e-18
 0.00000000e+00 3.32395193e-18 3.71871414e-19 6.37556526e-18
 1.45177287e-18 0.00000000e+00 0.00000000e+00 0.00000000e+00
 3.95851564e-18 0.00000000e+00 5.51284474e-18 3.23068248e-19
 0.00000000e+00 1.62334067e-18 0.00000000e+00 0.00000000e+00
 3.93079304e-18 3.70641585e-19 2.97874251e-19 0.00000000e+00
 0.00000000e+00 0.00000000e+00 2.41616206e-18 3.96367056e-18
 0.00000000e+00 5.31550599e-19 4.80244782e-18 0.00000000e+00
 3.28764620e-18 0.00000000e+00 1.89665375e-18 0.00000000e+00
 9.60998490e-18 1.78597754e-18 0.00000000e+00 1.62619786e-18
 0.00000000e+00 0.00000000e+00 0.00000000e+00 0.00000000e+00
 0.00000000e+00 0.00000000e+00 3.02422796e-18 3.91463328e-18
 8.10451881e-03 6.74030589e-18 0.00000000e+00 0.00000000e+00
 0.00000000e+00 0.00000000e+00 5.44570724e-18 1.79951602e-18
 5.42218522e-18 0.00000000e+00 0.00000000e+00 2.36390991e-18
 5.23903556e-19 6.96125683e-18 3.58753078e-19 3.87725727e-18
 9.96465834e-19 0.00000000e+00 4.17188725e-18 0.00000000e+00
 0.00000000e+00 3.70888079e-18 1.46192755e-18 0.00000000e+00
 3.26134397e-18 1.16976867e-18 7.14146306e-19 0.00000000e+00
 3.41027361e-19 1.06860917e-18 3.02802418e-18 3.93986600e-19
 1.84343571e-18 0.00000000e+00 0.00000000e+00 2.32135618e-18
 0.00000000e+00 7.67229689e-19 1.47453130e-18 1.36905698e-18
 0.00000000e+00 0.00000000e+00 1.07866218e-18 0.00000000e+00
 6.28398175e-18 0.00000000e+00 0.00000000e+00 0.00000000e+00
 0.00000000e+00 0.00000000e+00 1.35622501e-18 0.00000000e+00
 3.73224599e-18 0.00000000e+00 0.00000000e+00 3.24421428e-19
 0.00000000e+00 0.00000000e+00 1.46261216e-18 4.13787918e-19
 2.69844002e-18 2.80876157e-18 0.00000000e+00 8.87140454e-19
 0.00000000e+00 0.00000000e+00 0.00000000e+00 0.00000000e+00
 1.06117552e-18 0.00000000e+00 0.00000000e+00 6.41052639e-02
 0.00000000e+00 0.00000000e+00 0.00000000e+00 2.64562776e-18
 3.93716359e-19 0.00000000e+00 0.00000000e+00 1.87869632e-18
 6.86942439e-18 8.22362712e-04 0.00000000e+00 0.00000000e+00
 1.33830713e-18 0.00000000e+00 0.00000000e+00 1.31990968e-18
 0.00000000e+00 0.00000000e+00 6.36555416e-19 0.00000000e+00
 1.48084393e-02 0.00000000e+00 0.00000000e+00 0.00000000e+00
 0.00000000e+00 0.00000000e+00 0.00000000e+00 2.12662588e-18
 3.47671482e-18 0.00000000e+00 4.69344171e-18 6.04392950e-03
 0.00000000e+00 0.00000000e+00 0.00000000e+00 5.02719344e-18
 0.00000000e+00 0.00000000e+00 0.00000000e+00 1.49297341e-02
 1.38653039e-18 0.00000000e+00 0.00000000e+00 0.00000000e+00
 2.12398865e-18 0.00000000e+00 0.00000000e+00 1.10877119e-18
 2.16565271e-19 5.98640429e-02 0.00000000e+00 3.63714050e-18
 0.00000000e+00 0.00000000e+00 0.00000000e+00 0.00000000e+00
 0.00000000e+00 0.00000000e+00 6.53756953e-03 0.00000000e+00
 3.60581008e-19 3.95760112e-18 0.00000000e+00 0.00000000e+00
 1.28924572e-18 3.98859493e-18 0.00000000e+00 6.99923076e-19
 6.29461408e-02 0.00000000e+00 2.40312500e-18 2.58666453e-19
 0.00000000e+00 0.00000000e+00 5.24540744e-20 2.65848468e-18
 3.05456696e-18 0.00000000e+00 5.35287560e-19 0.00000000e+00
 6.22116043e-19 0.00000000e+00 0.00000000e+00 0.00000000e+00
 6.53858325e-19 6.55545994e-04 3.68085091e-18 0.00000000e+00
 0.00000000e+00 4.57190863e-18 0.00000000e+00 0.00000000e+00
 3.06414734e-18 9.16655746e-19 5.91562569e-18 3.42271349e-19
 1.33484677e-18 0.00000000e+00 0.00000000e+00 6.82319994e-18
 0.00000000e+00 0.00000000e+00 0.00000000e+00 6.95565101e-18
 0.00000000e+00 1.13425435e-18 1.01219068e-01 2.59354176e-18
 1.49735385e-03 1.31537051e-18 2.66265426e-18 0.00000000e+00
 6.84274303e-18 8.09168808e-19 0.00000000e+00 1.24598778e-19
 2.23249154e-18 2.94380831e-18 2.80482416e-18 1.14160762e-18
 4.47546320e-20 2.05314204e-18 2.25884703e-19 1.46167716e-18
 1.19567019e-18 2.34342598e-18 2.83719999e-18 0.00000000e+00
 1.43565134e-18 2.77319001e-18 0.00000000e+00 1.24074030e-18
 0.00000000e+00 6.74483787e-19 4.88578898e-18 1.71868922e-18
 1.58505171e-19 0.00000000e+00 2.86655996e-18 2.44766702e-18
 2.38404413e-18 2.29108277e-18 3.61498463e-02 7.75208242e-19
 1.49448849e-18 0.00000000e+00 0.00000000e+00 0.00000000e+00
 6.05324171e-19 0.00000000e+00 1.05556639e-18 0.00000000e+00
 0.00000000e+00 0.00000000e+00 3.57810496e-19 0.00000000e+00
 2.85902455e-19 1.13814750e-18 0.00000000e+00 0.00000000e+00
 3.27511322e-18 2.90949689e-18 0.00000000e+00 2.56828973e-18
 0.00000000e+00 3.90460957e-19 0.00000000e+00 0.00000000e+00
 3.29556440e-18 0.00000000e+00 0.00000000e+00 0.00000000e+00
 0.00000000e+00 0.00000000e+00 0.00000000e+00 0.00000000e+00
 0.00000000e+00 0.00000000e+00 0.00000000e+00 0.00000000e+00
 0.00000000e+00 1.75745678e-18 1.42944980e-18 0.00000000e+00
 0.00000000e+00 0.00000000e+00 4.03404866e-19 0.00000000e+00
 2.89099009e-18 2.90983104e-18 1.46787642e-18 1.68385547e-18
 0.00000000e+00 0.00000000e+00]",0.0009418311422350791,"[0.0034433  0.00486428 0.00358607 0.00346386 0.00426477 0.00359366
 0.00424796 0.00230028 0.00506065 0.00337987 0.00493266 0.00230027
 0.00288712 0.00189674 0.00217981 0.00315899 0.00293898 0.00187223
 0.00413448 0.00407236 0.0035335  0.00444314 0.00180832 0.00194735
 0.00257711 0.00212673 0.00195674 0.0029246  0.00337477 0.0036601
 0.00372389 0.00298816 0.00338011 0.0026422  0.00327653 0.00203726
 0.00264038 0.00192164 0.00384964 0.00212064 0.00249201 0.00296462
 0.00256278 0.00366695 0.00202162 0.00187959 0.00413319 0.00352367
 0.0031752  0.00347064 0.00278871 0.00397222 0.00244397 0.00227257
 0.00373322 0.00386837 0.00321024 0.00222828 0.00464811 0.00239579
 0.00270314 0.00194872 0.00357733 0.00393166 0.00270609 0.00438717
 0.00430718 0.00287975 0.00222625 0.00372307 0.00294212 0.00407645
 0.00311992 0.00208445 0.00369042 0.00279288 0.00322558 0.00388693
 0.00221583 0.00415432 0.00464853 0.00391311 0.00367455 0.00269875
 0.00363909 0.00276485 0.00309305 0.00351986 0.00311397 0.00425371
 0.00226019 0.00274146 0.0034009  0.00543245 0.00472269 0.00340019
 0.00280381 0.00335448 0.00308718 0.0024229  0.00337594 0.00409275
 0.00323895 0.00339913 0.00327813 0.00197255 0.0020118  0.00259962
 0.00379896 0.00213237 0.00445525 0.00359329 0.00428307 0.00313637
 0.0034162  0.0030869  0.00338013 0.00365129 0.00386703 0.00334442
 0.00349365 0.00322312 0.00350633 0.00549604 0.00350097 0.00291778
 0.00340282 0.00320693 0.00516972 0.00261776 0.00339165 0.00349803
 0.0040841  0.00355637 0.00354207 0.00344611 0.00387919 0.00344662
 0.00325294 0.00318983 0.00219387 0.00248837 0.00269293 0.00381055
 0.00337673 0.00355307 0.00326823 0.00328391 0.00200131 0.00350182
 0.00275095 0.00412582 0.00413884 0.00296102 0.00248861 0.00275974
 0.00254183 0.00253989 0.00355776 0.00320466 0.00188802 0.00238607
 0.00418883 0.00244547 0.00266494 0.00402548 0.00240987 0.00325645
 0.00436669 0.00468883 0.00233906 0.00267349 0.00338283 0.00220695
 0.00439712 0.00305457 0.00404037 0.00369095 0.0035614  0.00316953
 0.00288408 0.00342613 0.00360237 0.00396148 0.00275068 0.00478906
 0.00409542 0.00414788 0.00503647 0.002319   0.00423295 0.00363354
 0.00272645 0.00401074 0.00580604 0.00472901 0.00255668 0.00336035
 0.00291055 0.00304169 0.00288735 0.00418408 0.0029813  0.00222797
 0.00325553 0.00238198 0.00352713 0.00229642 0.00192034 0.00225916
 0.00308021 0.00220412 0.00242978 0.00318235 0.00314911 0.0024479
 0.00330034 0.00312589 0.00302724 0.00253046 0.00217566 0.00241979
 0.00237983 0.00384488 0.00232472 0.0025078  0.00355951 0.0040301
 0.00375916 0.00373216 0.00266598 0.00190491 0.00291813 0.00442608
 0.00397593 0.00303809 0.00329941 0.00414975 0.0027134  0.00330103
 0.00211937 0.00196413 0.00247724 0.00492115 0.00264699 0.00353471
 0.00379407 0.0040591  0.00202965 0.00265107 0.00328839 0.00262889
 0.00195521 0.00263737 0.00266067 0.00364196 0.00237058 0.00260981
 0.00355632 0.0032376  0.00216426 0.00220274 0.00393325 0.00195491
 0.00278676 0.00256715 0.00278854 0.00203844 0.00252997 0.00420215
 0.00242376 0.00186006 0.00269538 0.00317223 0.00303481 0.00307394
 0.00314331 0.00222428 0.00316458 0.00347699 0.00261443 0.00186521
 0.00208666 0.00210829 0.00424938 0.00273998 0.00190937 0.00199516
 0.00344744 0.00504872 0.00174355 0.0026656  0.00357235 0.00396223
 0.00221698 0.00261872 0.00357209 0.00472115 0.00231052 0.00274917
 0.00176411 0.0028228  0.00268931 0.0031287  0.00362707 0.00238835
 0.00277134 0.00371611 0.00452305 0.00467728 0.00252353 0.00425249
 0.00218476 0.00217386 0.00404544 0.00310033 0.00212672 0.00191268
 0.00335992 0.00227648 0.00213937 0.00345016 0.00342972 0.00234777
 0.00233158 0.00447069 0.00356541 0.00220885 0.00362462 0.00280106
 0.00324936 0.002028   0.00283222 0.00472688 0.00256672 0.00652668
 0.00646818 0.00279353 0.00181973 0.00198378 0.00199214 0.00481633
 0.0020459  0.00229773 0.00370758 0.00405961 0.00427133 0.00356832
 0.00362438 0.00389411 0.00425287 0.00341716 0.00282894 0.00322071
 0.00407914 0.00432564 0.00425902 0.00405637 0.00513506 0.00349816
 0.00508138 0.00387768 0.00209374 0.00299796 0.00302725 0.00247189
 0.00362041 0.0046972  0.00255262 0.00376918 0.00258095 0.00199828
 0.00285885 0.00298026 0.00197791 0.00494071 0.00344275 0.00393956
 0.00401618 0.00385771 0.00493854 0.00472997 0.00328363 0.00348164
 0.00268081 0.00364407 0.00516564 0.00278669 0.00299662 0.00439891
 0.00294556 0.00274951 0.00372285 0.00332903 0.00256862 0.00302404
 0.00229172 0.0040537  0.002636   0.00355362 0.00494138 0.00386117
 0.00271377 0.00244089 0.004154   0.00367147 0.00281546 0.00413677
 0.00321175 0.00332992 0.00430448 0.00379472 0.00275166 0.00222145
 0.00254128 0.00311025 0.00259238 0.00389062 0.00380086 0.00312888
 0.00207129 0.0039103  0.00340657 0.00305393 0.00431005 0.00354512]",29,12383,29,0,Optimization terminated successfully,True
"[2.18114653e-18 6.67194305e-18 3.53082972e-18 4.39216772e-19
 0.00000000e+00 3.74007742e-18 4.47481687e-18 5.11328888e-18
 0.00000000e+00 1.05923531e-17 6.08250490e-19 6.42189793e-19
 4.14640241e-18 3.86612778e-18 4.37903510e-18 0.00000000e+00
 5.12019669e-18 8.40878205e-02 0.00000000e+00 1.54286346e-18
 9.80489503e-19 1.50488707e-18 1.07318774e-01 3.07757252e-02
 1.01100790e-17 0.00000000e+00 3.44664338e-02 7.58550033e-19
 0.00000000e+00 0.00000000e+00 5.14721367e-18 0.00000000e+00
 7.43994362e-18 0.00000000e+00 2.16980154e-18 6.07732983e-19
 0.00000000e+00 0.00000000e+00 1.10008342e-18 0.00000000e+00
 3.11139163e-18 0.00000000e+00 2.71829382e-18 1.45609891e-18
 2.15727430e-02 5.78718240e-02 0.00000000e+00 0.00000000e+00
 2.38830367e-18 4.36025372e-18 4.63315090e-20 0.00000000e+00
 0.00000000e+00 4.23663815e-18 2.87808987e-18 2.52029251e-18
 0.00000000e+00 0.00000000e+00 0.00000000e+00 2.79098489e-18
 0.00000000e+00 0.00000000e+00 2.39093634e-18 0.00000000e+00
 0.00000000e+00 5.60494596e-18 2.92638233e-18 1.61784467e-17
 5.50061314e-18 0.00000000e+00 0.00000000e+00 0.00000000e+00
 5.36365825e-18 0.00000000e+00 2.35109589e-19 0.00000000e+00
 0.00000000e+00 0.00000000e+00 3.50207797e-18 3.31239738e-18
 7.78802651e-18 0.00000000e+00 3.00602718e-18 0.00000000e+00
 1.60661501e-18 0.00000000e+00 0.00000000e+00 0.00000000e+00
 3.96501729e-18 6.60798797e-18 0.00000000e+00 0.00000000e+00
 0.00000000e+00 0.00000000e+00 6.41309339e-18 5.80788713e-18
 0.00000000e+00 4.54860692e-18 0.00000000e+00 1.62432687e-04
 1.30919224e-18 0.00000000e+00 1.53698942e-18 0.00000000e+00
 3.32404227e-18 1.90877871e-01 1.47119438e-02 0.00000000e+00
 2.63319162e-18 4.40187799e-18 3.66312385e-18 0.00000000e+00
 0.00000000e+00 3.81668809e-18 1.43465414e-17 0.00000000e+00
 0.00000000e+00 0.00000000e+00 0.00000000e+00 0.00000000e+00
 3.02198536e-18 0.00000000e+00 0.00000000e+00 0.00000000e+00
 6.46555182e-18 0.00000000e+00 1.09804375e-18 8.00442599e-18
 0.00000000e+00 3.74272505e-18 0.00000000e+00 0.00000000e+00
 4.86782847e-18 0.00000000e+00 0.00000000e+00 4.12912020e-18
 5.70972733e-18 0.00000000e+00 5.77602324e-19 7.41255413e-19
 0.00000000e+00 0.00000000e+00 0.00000000e+00 0.00000000e+00
 8.48698786e-19 4.30620503e-18 4.97946684e-19 2.93963327e-18
 7.90559675e-02 0.00000000e+00 0.00000000e+00 0.00000000e+00
 5.06191716e-18 0.00000000e+00 5.76833677e-18 0.00000000e+00
 8.16196784e-19 2.32125868e-18 0.00000000e+00 3.53833482e-19
 2.86789762e-18 0.00000000e+00 1.69189571e-19 0.00000000e+00
 0.00000000e+00 0.00000000e+00 0.00000000e+00 0.00000000e+00
 1.24987568e-18 1.86175797e-18 2.18362846e-18 1.82018450e-18
 0.00000000e+00 3.70335322e-18 0.00000000e+00 0.00000000e+00
 0.00000000e+00 1.83417853e-18 1.99828750e-18 1.52787817e-19
 0.00000000e+00 2.52655914e-18 8.59232888e-19 1.70915008e-18
 0.00000000e+00 0.00000000e+00 0.00000000e+00 0.00000000e+00
 2.07065376e-18 0.00000000e+00 4.39041594e-18 1.49962790e-18
 0.00000000e+00 0.00000000e+00 0.00000000e+00 9.93243583e-18
 8.98639244e-19 0.00000000e+00 0.00000000e+00 0.00000000e+00
 3.57814185e-03 5.07265573e-19 0.00000000e+00 0.00000000e+00
 8.54354339e-19 1.63936696e-18 4.65268835e-18 0.00000000e+00
 2.93860960e-03 4.40387823e-18 4.16781870e-18 0.00000000e+00
 0.00000000e+00 0.00000000e+00 5.10195459e-20 0.00000000e+00
 4.09261106e-18 0.00000000e+00 6.74111767e-19 0.00000000e+00
 5.05936799e-18 0.00000000e+00 3.15908923e-18 4.44248650e-18
 0.00000000e+00 5.09665508e-18 0.00000000e+00 2.84232640e-18
 6.64999475e-18 0.00000000e+00 0.00000000e+00 9.61988824e-03
 0.00000000e+00 5.53847418e-18 0.00000000e+00 0.00000000e+00
 0.00000000e+00 2.10273902e-19 0.00000000e+00 0.00000000e+00
 2.13127141e-18 0.00000000e+00 1.65774141e-19 0.00000000e+00
 3.28249516e-18 0.00000000e+00 0.00000000e+00 4.25621220e-18
 1.35032709e-18 0.00000000e+00 2.73948273e-19 0.00000000e+00
 6.01306168e-02 6.22403719e-19 0.00000000e+00 0.00000000e+00
 0.00000000e+00 0.00000000e+00 1.92951124e-18 0.00000000e+00
 0.00000000e+00 8.03339172e-20 3.15683282e-18 6.78173576e-04
 0.00000000e+00 0.00000000e+00 0.00000000e+00 0.00000000e+00
 0.00000000e+00 7.63847494e-19 0.00000000e+00 0.00000000e+00
 5.40758006e-03 1.65018728e-18 0.00000000e+00 0.00000000e+00
 1.99049872e-18 0.00000000e+00 0.00000000e+00 0.00000000e+00
 2.83724938e-19 6.07026969e-03 0.00000000e+00 0.00000000e+00
 0.00000000e+00 1.02966260e-18 1.55546928e-18 8.38849231e-03
 1.59839505e-18 2.00177967e-19 0.00000000e+00 0.00000000e+00
 3.28581714e-18 0.00000000e+00 5.51543837e-19 1.41678006e-03
 0.00000000e+00 3.37605148e-18 0.00000000e+00 2.11394944e-18
 2.93672666e-02 0.00000000e+00 1.30100789e-18 8.44296479e-19
 3.08050122e-18 1.15626748e-18 0.00000000e+00 4.05971976e-18
 2.66618729e-18 7.48116100e-18 3.61147003e-03 0.00000000e+00
 1.07883527e-19 0.00000000e+00 0.00000000e+00 8.07910026e-19
 5.20966921e-18 2.71334210e-18 0.00000000e+00 3.49666367e-19
 2.28179779e-18 2.07859539e-18 4.07786734e-18 0.00000000e+00
 7.39006374e-03 5.53545485e-19 0.00000000e+00 5.70661081e-18
 4.49728215e-18 0.00000000e+00 1.08735272e-18 2.58258419e-02
 0.00000000e+00 0.00000000e+00 2.18926956e-18 0.00000000e+00
 0.00000000e+00 0.00000000e+00 1.44852437e-01 2.41879534e-19
 0.00000000e+00 2.58994485e-18 6.26804381e-19 1.95004423e-18
 0.00000000e+00 1.47749205e-18 1.77253906e-18 0.00000000e+00
 1.00620940e-18 0.00000000e+00 0.00000000e+00 3.84666463e-19
 1.29839029e-18 0.00000000e+00 2.92401502e-18 0.00000000e+00
 1.64696408e-18 9.26768141e-19 8.06398326e-18 3.39820274e-18
 5.11268360e-18 0.00000000e+00 1.71800990e-18 2.60185305e-19
 1.75095322e-18 0.00000000e+00 6.20280854e-20 0.00000000e+00
 0.00000000e+00 0.00000000e+00 7.41780456e-18 5.19704486e-19
 0.00000000e+00 5.63991978e-19 6.27905582e-02 4.10498844e-18
 4.73740061e-18 1.19481696e-18 0.00000000e+00 0.00000000e+00
 4.52383391e-18 3.98271963e-19 2.17456989e-18 0.00000000e+00
 0.00000000e+00 3.33178307e-19 2.62126200e-19 0.00000000e+00
 1.12955796e-18 2.15861928e-18 0.00000000e+00 2.40257790e-18
 0.00000000e+00 1.17814647e-18 0.00000000e+00 0.00000000e+00
 2.75737320e-19 1.09573280e-18 0.00000000e+00 0.00000000e+00
 6.69417456e-19 2.75355393e-18 0.00000000e+00 0.00000000e+00
 2.73218429e-18 0.00000000e+00 0.00000000e+00 0.00000000e+00
 0.00000000e+00 2.47872134e-18 0.00000000e+00 0.00000000e+00
 0.00000000e+00 0.00000000e+00 2.66827620e-18 0.00000000e+00
 3.19088840e-18 0.00000000e+00 0.00000000e+00 1.23411118e-18
 7.03227531e-03 0.00000000e+00 3.79346267e-18 0.00000000e+00
 0.00000000e+00 9.87118170e-19]",0.00114193502807947,"[0.00361599 0.00558202 0.00363576 0.00382324 0.00516463 0.00394039
 0.00466053 0.00249259 0.00528059 0.00403639 0.00544003 0.00243447
 0.00302429 0.00163331 0.00257309 0.00297292 0.00318337 0.00147192
 0.00458365 0.00404849 0.00394301 0.00555755 0.00175737 0.00225995
 0.00290961 0.00221302 0.00209645 0.00316867 0.00372365 0.00446045
 0.00440742 0.00346405 0.0040342  0.00291759 0.00362909 0.00259476
 0.00315451 0.0016279  0.004393   0.0024622  0.00287202 0.00381423
 0.00306428 0.00438599 0.00224234 0.00225993 0.0039995  0.0040378
 0.00385059 0.0036505  0.0032421  0.00488943 0.00283032 0.00260443
 0.00430135 0.0043475  0.00387842 0.00250931 0.00560581 0.00241492
 0.00289099 0.00214946 0.00401668 0.00457112 0.00307219 0.00494483
 0.00462031 0.00334771 0.00272406 0.00454423 0.00355792 0.00460801
 0.00362105 0.00235906 0.00445143 0.00328327 0.00379388 0.00451645
 0.00249813 0.00494113 0.00511008 0.00440067 0.00398784 0.00284433
 0.00394301 0.00294634 0.00374087 0.00406823 0.00341158 0.00490636
 0.0026781  0.00324202 0.00364653 0.00616088 0.00551308 0.00388945
 0.00337149 0.0042157  0.00350973 0.00298939 0.0037389  0.00457975
 0.0036879  0.00374111 0.00397892 0.00279911 0.00221268 0.0031974
 0.00429188 0.00229364 0.00462668 0.00364964 0.00446405 0.00323868
 0.00365136 0.00324568 0.00357283 0.00387064 0.00393112 0.00348689
 0.00410478 0.00364772 0.00357037 0.00589778 0.0035217  0.00303516
 0.00360149 0.00320415 0.00562343 0.00268389 0.00369321 0.0040045
 0.00473075 0.00440733 0.00426486 0.00408491 0.00460079 0.00407286
 0.00379662 0.00355769 0.00254051 0.00264656 0.00309072 0.00444158
 0.00399012 0.00377098 0.0034552  0.00381499 0.00309527 0.00382592
 0.00322101 0.00445052 0.00435131 0.00319359 0.00280374 0.00303306
 0.00269128 0.00283753 0.00406435 0.00341785 0.00212063 0.0025208
 0.00463318 0.00270501 0.0031337  0.00466214 0.00245028 0.00380044
 0.00494774 0.00515443 0.00259848 0.00269505 0.00400769 0.00264291
 0.00449545 0.00361    0.00468682 0.0043449  0.0039456  0.00321038
 0.0030494  0.00372368 0.00414544 0.00428475 0.00305728 0.00520765
 0.00438863 0.00435774 0.00574272 0.002287   0.00459358 0.00395635
 0.00274134 0.00404434 0.00631512 0.00525216 0.0031285  0.00390051
 0.00381362 0.00350793 0.00382193 0.00453151 0.00320015 0.00215605
 0.00346736 0.00238226 0.00379642 0.00250806 0.00206549 0.00244683
 0.00330575 0.00242305 0.00295628 0.0038962  0.00299741 0.00291243
 0.00352828 0.00349597 0.00314544 0.00269715 0.00222713 0.00240395
 0.00256822 0.00420473 0.00200359 0.00269129 0.00445908 0.00445165
 0.00437623 0.00392547 0.00277495 0.00150313 0.00328396 0.00524567
 0.00440965 0.0034737  0.00388381 0.00446448 0.00286564 0.00361239
 0.0021135  0.0021353  0.00281382 0.00547071 0.00276994 0.00380508
 0.00417179 0.00476842 0.00200151 0.00316528 0.00386626 0.00273056
 0.00228939 0.00286376 0.00266734 0.00440453 0.00252328 0.00290351
 0.00418507 0.00380508 0.00216356 0.00206349 0.00469009 0.00217213
 0.00327626 0.00248324 0.00294404 0.00218418 0.00264574 0.00454032
 0.0023862  0.00210809 0.0033186  0.00333554 0.00331882 0.00324526
 0.00289208 0.00241766 0.0034894  0.00399008 0.0026982  0.00193903
 0.00251786 0.00221756 0.00459283 0.0028679  0.00209935 0.00164145
 0.00409407 0.00581471 0.0017172  0.00280061 0.00415122 0.00466697
 0.00230442 0.0025507  0.00409035 0.0055603  0.00269536 0.00315328
 0.00177912 0.0028107  0.00294379 0.00349694 0.00424662 0.00241383
 0.00317013 0.00396426 0.0052138  0.00519926 0.00272405 0.00472631
 0.00228152 0.00238431 0.00479175 0.00326626 0.00226773 0.00209948
 0.00392044 0.00233096 0.00228899 0.00375832 0.0037394  0.00283074
 0.00276608 0.00520082 0.0038632  0.00240972 0.00418196 0.00304734
 0.00372027 0.00224348 0.00349954 0.00553163 0.00329494 0.00752396
 0.00714784 0.0034713  0.00229724 0.00259633 0.00223102 0.00559713
 0.00248469 0.00243162 0.00396122 0.00435911 0.00446078 0.00380948
 0.00367454 0.0045792  0.00464898 0.00342925 0.00294423 0.00333161
 0.00419832 0.00444315 0.00460757 0.00428203 0.00554591 0.00410979
 0.00564071 0.00413156 0.00176918 0.00328694 0.00343004 0.00304025
 0.00370765 0.00493485 0.00315759 0.00413907 0.00285292 0.00242276
 0.0034008  0.00322491 0.00204661 0.00552505 0.00409312 0.00447953
 0.00439442 0.00415374 0.00578501 0.00488218 0.00335794 0.00373849
 0.00278167 0.00409323 0.00574406 0.00364479 0.00336783 0.00453072
 0.0030478  0.00311707 0.00379341 0.00331807 0.0027169  0.00348073
 0.00243791 0.00466617 0.00315749 0.00407942 0.00588083 0.00457919
 0.00305379 0.00257004 0.00471854 0.00434737 0.00335234 0.00481603
 0.00359094 0.00390578 0.00482951 0.00397736 0.00307959 0.00246581
 0.0030864  0.00354339 0.00295761 0.00439486 0.00439056 0.00367269
 0.00232209 0.00477247 0.00396062 0.00371137 0.00490435 0.00452559]",28,11956,28,0,Optimization terminated successfully,True
"[8.46576747e-19 0.00000000e+00 4.53842133e-18 0.00000000e+00
 0.00000000e+00 0.00000000e+00 1.36271007e-17 0.00000000e+00
 0.00000000e+00 7.38326537e-18 5.84537440e-18 4.29620671e-18
 0.00000000e+00 1.28817672e-19 3.98923643e-18 7.04349745e-18
 0.00000000e+00 6.05965080e-18 2.44533764e-17 0.00000000e+00
 0.00000000e+00 8.23881098e-18 5.15363309e-02 2.00393449e-02
 1.51263847e-18 0.00000000e+00 2.52407888e-05 1.89400483e-17
 0.00000000e+00 1.07355716e-17 0.00000000e+00 6.30742779e-18
 1.17729535e-17 0.00000000e+00 0.00000000e+00 3.56024469e-18
 5.02823870e-17 0.00000000e+00 1.33861519e-17 0.00000000e+00
 3.01435765e-18 0.00000000e+00 0.00000000e+00 3.85398841e-18
 4.81066182e-03 2.20332356e-17 0.00000000e+00 0.00000000e+00
 7.85546910e-18 4.41570390e-18 1.16073862e-02 2.31313321e-18
 3.13183201e-18 1.82859091e-19 5.47507817e-18 2.04072966e-17
 3.89300338e-18 5.05683025e-18 5.65724167e-19 0.00000000e+00
 0.00000000e+00 1.02857681e-19 0.00000000e+00 4.75596641e-18
 0.00000000e+00 3.11249209e-18 4.54785136e-18 0.00000000e+00
 0.00000000e+00 0.00000000e+00 0.00000000e+00 1.12172511e-17
 0.00000000e+00 0.00000000e+00 6.13215313e-18 2.33502084e-18
 0.00000000e+00 2.11244949e-17 3.20425220e-18 0.00000000e+00
 6.99505269e-18 0.00000000e+00 0.00000000e+00 0.00000000e+00
 2.17255249e-18 0.00000000e+00 0.00000000e+00 0.00000000e+00
 0.00000000e+00 1.69788204e-17 1.40060378e-18 1.88744113e-18
 0.00000000e+00 1.00820414e-18 0.00000000e+00 8.92008407e-19
 0.00000000e+00 0.00000000e+00 0.00000000e+00 3.33956296e-04
 3.10606059e-18 2.19311662e-18 0.00000000e+00 4.99965160e-18
 0.00000000e+00 2.77426368e-01 0.00000000e+00 0.00000000e+00
 8.16623028e-18 0.00000000e+00 1.65958903e-18 1.79865198e-18
 0.00000000e+00 1.02344134e-19 5.58310072e-18 0.00000000e+00
 0.00000000e+00 9.14750879e-19 0.00000000e+00 3.53127241e-18
 0.00000000e+00 0.00000000e+00 1.45210385e-18 5.82220632e-18
 5.81336930e-18 2.29083806e-18 2.89291735e-18 0.00000000e+00
 9.47738894e-18 0.00000000e+00 2.16532660e-18 7.01932338e-18
 0.00000000e+00 1.68038117e-18 0.00000000e+00 0.00000000e+00
 0.00000000e+00 0.00000000e+00 6.51865199e-18 1.38890185e-18
 0.00000000e+00 0.00000000e+00 0.00000000e+00 4.35272669e-18
 6.80123155e-18 4.49492814e-18 0.00000000e+00 0.00000000e+00
 1.27837070e-01 0.00000000e+00 0.00000000e+00 2.86759354e-19
 8.38296019e-18 7.26650715e-18 3.07931824e-18 0.00000000e+00
 0.00000000e+00 0.00000000e+00 0.00000000e+00 0.00000000e+00
 0.00000000e+00 0.00000000e+00 2.97226088e-18 0.00000000e+00
 0.00000000e+00 0.00000000e+00 1.47823693e-18 0.00000000e+00
 0.00000000e+00 0.00000000e+00 1.28791309e-18 0.00000000e+00
 8.65841428e-18 2.37063969e-18 0.00000000e+00 4.29360580e-18
 0.00000000e+00 7.07175071e-19 0.00000000e+00 0.00000000e+00
 0.00000000e+00 2.46848736e-18 8.46132349e-18 6.58579660e-19
 1.20359284e-18 6.32634675e-18 2.10078711e-18 0.00000000e+00
 0.00000000e+00 0.00000000e+00 0.00000000e+00 3.74924331e-18
 0.00000000e+00 7.06406774e-18 2.01387072e-18 0.00000000e+00
 5.82854045e-18 2.82101763e-19 1.38305601e-18 0.00000000e+00
 3.86118647e-02 2.28303974e-18 0.00000000e+00 0.00000000e+00
 0.00000000e+00 0.00000000e+00 2.45298383e-19 7.27455923e-18
 0.00000000e+00 1.02120905e-18 0.00000000e+00 0.00000000e+00
 6.34301988e-18 0.00000000e+00 1.68484443e-18 0.00000000e+00
 0.00000000e+00 5.82159716e-19 0.00000000e+00 6.76804028e-19
 3.11629308e-18 0.00000000e+00 0.00000000e+00 2.17531711e-18
 0.00000000e+00 0.00000000e+00 0.00000000e+00 0.00000000e+00
 0.00000000e+00 0.00000000e+00 9.42508325e-19 0.00000000e+00
 0.00000000e+00 4.32418158e-19 0.00000000e+00 0.00000000e+00
 3.29092571e-19 0.00000000e+00 4.56526119e-18 1.94466901e-18
 6.79544320e-18 3.86027101e-18 0.00000000e+00 0.00000000e+00
 0.00000000e+00 0.00000000e+00 8.72490613e-19 0.00000000e+00
 0.00000000e+00 0.00000000e+00 7.48572473e-18 6.11740664e-18
 6.74737834e-02 0.00000000e+00 0.00000000e+00 1.58528993e-18
 0.00000000e+00 0.00000000e+00 0.00000000e+00 8.57499868e-18
 0.00000000e+00 1.17541007e-18 8.36139900e-20 0.00000000e+00
 0.00000000e+00 0.00000000e+00 0.00000000e+00 0.00000000e+00
 0.00000000e+00 0.00000000e+00 0.00000000e+00 0.00000000e+00
 5.47129241e-03 0.00000000e+00 1.33366499e-18 1.28585171e-18
 0.00000000e+00 2.53479769e-19 0.00000000e+00 0.00000000e+00
 0.00000000e+00 0.00000000e+00 0.00000000e+00 3.30162888e-19
 0.00000000e+00 0.00000000e+00 8.66376964e-19 0.00000000e+00
 0.00000000e+00 8.34000898e-18 0.00000000e+00 4.91851748e-18
 4.74578009e-18 0.00000000e+00 0.00000000e+00 4.15603315e-02
 6.99771058e-18 6.83882374e-18 1.47578655e-18 9.77010909e-18
 7.75733150e-18 0.00000000e+00 2.91081856e-21 0.00000000e+00
 0.00000000e+00 2.41712027e-18 1.23671925e-02 5.48782590e-18
 0.00000000e+00 3.38100417e-18 1.31045580e-18 8.53531263e-18
 0.00000000e+00 0.00000000e+00 2.43085257e-18 9.55685870e-19
 4.58210572e-19 0.00000000e+00 3.20202960e-19 0.00000000e+00
 0.00000000e+00 2.92587794e-18 2.74979762e-18 4.65499986e-18
 3.59592880e-02 0.00000000e+00 8.43232111e-18 0.00000000e+00
 0.00000000e+00 0.00000000e+00 0.00000000e+00 3.42333767e-02
 3.01108311e-18 0.00000000e+00 0.00000000e+00 5.76080558e-18
 0.00000000e+00 7.32279563e-18 1.27092618e-01 0.00000000e+00
 0.00000000e+00 0.00000000e+00 0.00000000e+00 1.18161358e-18
 2.43614199e-18 1.97523281e-18 2.15426158e-18 0.00000000e+00
 6.54753812e-18 6.87796448e-19 0.00000000e+00 0.00000000e+00
 7.00377411e-18 1.62388122e-18 0.00000000e+00 0.00000000e+00
 0.00000000e+00 4.22572893e-18 3.28970156e-18 2.73851050e-18
 0.00000000e+00 0.00000000e+00 4.55754951e-19 0.00000000e+00
 7.15773921e-19 2.07845424e-18 0.00000000e+00 0.00000000e+00
 5.61061483e-18 0.00000000e+00 0.00000000e+00 0.00000000e+00
 9.04686392e-02 0.00000000e+00 4.04552008e-02 8.17631812e-18
 0.00000000e+00 1.70431305e-18 0.00000000e+00 4.64923080e-18
 3.31389004e-18 1.87942206e-18 1.18586579e-03 8.23315931e-19
 0.00000000e+00 4.63239304e-18 3.63142309e-18 1.34222744e-17
 5.53098264e-04 5.20446852e-18 0.00000000e+00 0.00000000e+00
 1.25401694e-18 0.00000000e+00 0.00000000e+00 0.00000000e+00
 1.43543744e-18 0.00000000e+00 0.00000000e+00 1.82296788e-20
 4.33103184e-18 0.00000000e+00 0.00000000e+00 0.00000000e+00
 0.00000000e+00 2.07683339e-18 0.00000000e+00 4.23574587e-19
 0.00000000e+00 0.00000000e+00 8.57263142e-19 8.57631560e-18
 0.00000000e+00 0.00000000e+00 7.38876401e-18 0.00000000e+00
 2.55939359e-19 4.87463489e-18 0.00000000e+00 3.16178297e-18
 1.09510895e-02 0.00000000e+00 0.00000000e+00 7.33395327e-18
 3.55995815e-18 0.00000000e+00]",0.0017744890826000776,"[0.00445126 0.00731828 0.00465311 0.00454585 0.00701304 0.00507748
 0.00617469 0.00315115 0.00708722 0.00541714 0.00689901 0.00285751
 0.00377064 0.00178292 0.00293818 0.00364404 0.00398251 0.0011771
 0.00598026 0.00535118 0.0052163  0.00742221 0.00168944 0.0025162
 0.00355351 0.00240862 0.00223672 0.00429301 0.0049012  0.00580163
 0.0056622  0.00447476 0.00521675 0.00391729 0.00448605 0.00324663
 0.00368743 0.00186708 0.00567667 0.00315882 0.00363973 0.00525275
 0.00381883 0.00585519 0.00240462 0.00273539 0.00564776 0.00495371
 0.00516287 0.00475244 0.00416637 0.00639316 0.00364127 0.00317489
 0.00542664 0.00572036 0.00530584 0.00275615 0.00740085 0.00265173
 0.00362029 0.00261677 0.00545633 0.00605419 0.00368586 0.00644687
 0.00612109 0.00458906 0.00330945 0.00592408 0.0047686  0.00597826
 0.00429895 0.00290412 0.00608864 0.00412708 0.00491289 0.00619236
 0.00317232 0.00673586 0.00676925 0.00598025 0.00504344 0.0035108
 0.00500083 0.00352788 0.00476494 0.00534686 0.00420228 0.00658585
 0.00319561 0.00401451 0.00467008 0.00805293 0.0076764  0.00490066
 0.00478061 0.00604484 0.00456919 0.00420777 0.00489453 0.00627194
 0.00489547 0.00504868 0.00532443 0.00365741 0.00273936 0.00418881
 0.00559631 0.00274875 0.00590187 0.00454854 0.00577182 0.00378432
 0.00454491 0.0038578  0.00455947 0.00479504 0.00467851 0.00405332
 0.0054467  0.00464817 0.00411265 0.00751771 0.0044068  0.00340128
 0.00456744 0.0036718  0.00705944 0.0030539  0.00466556 0.00496888
 0.00612144 0.00649871 0.0057586  0.00544193 0.00626145 0.00553948
 0.00507036 0.00440234 0.00335613 0.00313154 0.00387078 0.00589964
 0.00531103 0.0046497  0.00414629 0.00511715 0.0043329  0.00472732
 0.00415738 0.00545081 0.0052227  0.00396558 0.00342474 0.00360245
 0.00335803 0.0033554  0.0053942  0.00424175 0.00279715 0.00289792
 0.00591772 0.00318052 0.00382339 0.00621038 0.00267003 0.00503208
 0.00621855 0.00656199 0.00324233 0.00331109 0.00522946 0.00336777
 0.00554644 0.00479989 0.00607451 0.00565088 0.00493646 0.00374046
 0.00365831 0.00453551 0.00549822 0.0052826  0.00395542 0.006807
 0.00565324 0.00614585 0.00781433 0.0023772  0.00562937 0.00476371
 0.0032815  0.00496532 0.00761253 0.00754053 0.00418424 0.00501665
 0.00563826 0.00501438 0.00606636 0.00614011 0.00426481 0.00283262
 0.00446661 0.00332205 0.00525574 0.00309361 0.00247682 0.00323105
 0.00414019 0.00292252 0.00419215 0.00545486 0.00367596 0.00369604
 0.00464799 0.00473677 0.00421555 0.0039418  0.00259945 0.00308401
 0.00330214 0.00554637 0.00270858 0.00335406 0.00623589 0.00573776
 0.00610606 0.00515832 0.00333425 0.00171261 0.00449089 0.00672612
 0.00563008 0.00475263 0.00502639 0.00596377 0.00368435 0.00465141
 0.00241221 0.00262185 0.00366087 0.00694168 0.00363662 0.00526567
 0.00566922 0.00703024 0.00237103 0.00436571 0.0054423  0.0035804
 0.00261911 0.00355179 0.00352468 0.00637565 0.00341379 0.00376824
 0.00574609 0.00503816 0.00254876 0.00235626 0.00608754 0.00260687
 0.00432505 0.00317109 0.00429086 0.00240161 0.00361427 0.00568889
 0.0027985  0.00256614 0.00478501 0.00450217 0.00427873 0.00436282
 0.00353552 0.00318731 0.00480462 0.00510394 0.00334664 0.00210021
 0.00362338 0.00271054 0.00614421 0.00383662 0.0025087  0.00145891
 0.00561223 0.00790544 0.00251904 0.0037487  0.00514059 0.00663216
 0.00332239 0.00337376 0.00522234 0.00770211 0.00340069 0.0039951
 0.00182211 0.0033899  0.00372363 0.0046677  0.00574376 0.00273354
 0.00402308 0.00507335 0.00717347 0.00698304 0.00378757 0.00624179
 0.0027403  0.00306144 0.00671999 0.00432372 0.00251196 0.00256067
 0.00578889 0.00296704 0.00282061 0.00478533 0.00476213 0.00399437
 0.00368494 0.00680659 0.0048283  0.00303073 0.00557492 0.0038259
 0.00489617 0.00246192 0.00465388 0.00745942 0.00461644 0.00989398
 0.00933833 0.00479294 0.00284364 0.00365831 0.00283064 0.00779081
 0.00338648 0.00326674 0.00483899 0.00535977 0.00565725 0.00480253
 0.00429205 0.0059571  0.00561355 0.00386938 0.00368256 0.0039548
 0.00525727 0.00554336 0.00561509 0.00532998 0.00716313 0.0058288
 0.00667399 0.00491861 0.00179742 0.0039187  0.00448019 0.00456438
 0.00452569 0.00657388 0.00426505 0.00554059 0.00340495 0.00334377
 0.00498098 0.00419046 0.00217817 0.00747065 0.00533148 0.00628733
 0.00558098 0.00512338 0.00712111 0.00638666 0.00435172 0.00491716
 0.00343233 0.00581778 0.00801348 0.00565337 0.00419585 0.00559658
 0.00356365 0.00374584 0.00469794 0.00366527 0.00327773 0.00496637
 0.00288832 0.00597602 0.00416132 0.00541345 0.00826603 0.00604154
 0.00386881 0.00340981 0.00647539 0.00575519 0.00437527 0.0062089
 0.00430953 0.00544607 0.00619275 0.00461273 0.00386868 0.00290162
 0.00416999 0.00465074 0.00380969 0.00551    0.00563517 0.00469612
 0.00274056 0.00656997 0.00515193 0.00521403 0.00642952 0.00651133]",27,11529,27,0,Optimization terminated successfully,True
"[2.69401016e-17 0.00000000e+00 0.00000000e+00 0.00000000e+00
 0.00000000e+00 0.00000000e+00 1.57744470e-17 0.00000000e+00
 3.40957976e-17 0.00000000e+00 0.00000000e+00 0.00000000e+00
 5.61491836e-18 0.00000000e+00 0.00000000e+00 0.00000000e+00
 1.31539760e-18 0.00000000e+00 0.00000000e+00 2.70639425e-17
 0.00000000e+00 0.00000000e+00 0.00000000e+00 0.00000000e+00
 0.00000000e+00 0.00000000e+00 2.89746843e-18 0.00000000e+00
 2.08994279e-17 1.02769113e-17 1.24400348e-18 1.88405418e-17
 0.00000000e+00 0.00000000e+00 1.04752590e-17 1.62357370e-17
 5.67764677e-18 0.00000000e+00 2.48393770e-18 1.05215410e-17
 1.42575825e-17 0.00000000e+00 6.85616524e-18 0.00000000e+00
 2.71593954e-18 0.00000000e+00 1.23496021e-17 1.96676392e-17
 0.00000000e+00 1.97044030e-17 5.27631193e-02 0.00000000e+00
 0.00000000e+00 0.00000000e+00 2.40116282e-18 0.00000000e+00
 0.00000000e+00 0.00000000e+00 0.00000000e+00 0.00000000e+00
 6.90314615e-19 0.00000000e+00 0.00000000e+00 0.00000000e+00
 4.68118537e-18 2.51613683e-17 1.52945297e-17 3.67839634e-18
 0.00000000e+00 1.78939443e-17 0.00000000e+00 6.99702449e-18
 0.00000000e+00 0.00000000e+00 0.00000000e+00 1.57338875e-18
 4.94448411e-18 0.00000000e+00 9.44097857e-18 0.00000000e+00
 4.13831809e-17 6.25897516e-18 0.00000000e+00 0.00000000e+00
 0.00000000e+00 0.00000000e+00 0.00000000e+00 1.23518600e-17
 0.00000000e+00 0.00000000e+00 2.03555038e-17 1.77234971e-18
 7.48104894e-18 0.00000000e+00 0.00000000e+00 0.00000000e+00
 9.98731239e-18 1.01794594e-17 0.00000000e+00 0.00000000e+00
 8.24519903e-18 0.00000000e+00 0.00000000e+00 6.34736217e-18
 3.45985823e-17 2.93451763e-01 1.87783950e-18 0.00000000e+00
 0.00000000e+00 9.77158258e-18 2.68708392e-17 0.00000000e+00
 5.94629223e-18 0.00000000e+00 0.00000000e+00 1.50758844e-17
 0.00000000e+00 0.00000000e+00 0.00000000e+00 0.00000000e+00
 1.78404717e-18 0.00000000e+00 0.00000000e+00 2.57816466e-17
 3.07331113e-18 0.00000000e+00 4.62987120e-18 9.03823010e-18
 9.95888182e-18 1.51952455e-18 4.40792549e-19 1.63401580e-17
 1.65698153e-17 1.53815046e-17 0.00000000e+00 0.00000000e+00
 2.19331571e-17 1.03018562e-17 3.07622638e-17 0.00000000e+00
 0.00000000e+00 1.55457201e-18 4.78619538e-18 9.44710491e-18
 6.33624639e-18 0.00000000e+00 2.03703518e-17 0.00000000e+00
 1.81894838e-01 0.00000000e+00 0.00000000e+00 0.00000000e+00
 4.50829054e-19 9.37984850e-18 0.00000000e+00 0.00000000e+00
 0.00000000e+00 0.00000000e+00 1.79598153e-17 0.00000000e+00
 0.00000000e+00 8.90100606e-18 0.00000000e+00 1.90801907e-17
 0.00000000e+00 0.00000000e+00 0.00000000e+00 2.53999276e-17
 9.73054822e-19 2.01577145e-18 0.00000000e+00 0.00000000e+00
 0.00000000e+00 7.91591106e-19 4.56668600e-18 0.00000000e+00
 0.00000000e+00 0.00000000e+00 0.00000000e+00 4.59975141e-18
 0.00000000e+00 2.31570534e-19 1.67419163e-17 3.06247022e-18
 0.00000000e+00 1.37276239e-17 1.09314416e-17 3.84261413e-19
 8.24698001e-18 0.00000000e+00 0.00000000e+00 0.00000000e+00
 0.00000000e+00 0.00000000e+00 0.00000000e+00 2.80764086e-17
 0.00000000e+00 1.15115108e-17 6.33391096e-18 2.54897616e-18
 1.49326087e-01 0.00000000e+00 0.00000000e+00 0.00000000e+00
 1.34599672e-17 3.57488819e-18 2.33209384e-18 2.27287243e-18
 4.82627752e-18 5.63451165e-19 0.00000000e+00 0.00000000e+00
 4.49158388e-18 0.00000000e+00 0.00000000e+00 2.26348164e-17
 0.00000000e+00 7.31292305e-19 0.00000000e+00 6.41032800e-18
 0.00000000e+00 0.00000000e+00 2.33077484e-18 8.48563549e-18
 0.00000000e+00 0.00000000e+00 1.20806145e-17 0.00000000e+00
 0.00000000e+00 0.00000000e+00 1.65269963e-18 0.00000000e+00
 0.00000000e+00 1.06109054e-17 7.19413804e-18 7.75294544e-18
 6.63348470e-18 0.00000000e+00 7.14456469e-18 2.95904494e-18
 5.88637771e-18 0.00000000e+00 7.40310657e-18 0.00000000e+00
 2.08214816e-18 0.00000000e+00 1.07960985e-17 0.00000000e+00
 0.00000000e+00 0.00000000e+00 2.93433124e-18 0.00000000e+00
 0.00000000e+00 0.00000000e+00 2.61128460e-18 2.36035606e-17
 0.00000000e+00 0.00000000e+00 8.73271384e-18 1.17743732e-17
 0.00000000e+00 2.62929435e-18 0.00000000e+00 0.00000000e+00
 0.00000000e+00 2.29834578e-18 7.28083558e-18 0.00000000e+00
 1.31622463e-17 0.00000000e+00 1.52085949e-18 5.68266421e-18
 4.98371203e-04 4.59941490e-18 1.30611077e-18 0.00000000e+00
 0.00000000e+00 0.00000000e+00 0.00000000e+00 8.26147454e-18
 1.89098553e-17 0.00000000e+00 0.00000000e+00 0.00000000e+00
 1.10095342e-18 0.00000000e+00 7.91590136e-18 0.00000000e+00
 0.00000000e+00 2.06390389e-17 1.49889872e-18 0.00000000e+00
 0.00000000e+00 1.05557626e-17 0.00000000e+00 2.86102561e-02
 1.63375383e-17 0.00000000e+00 0.00000000e+00 0.00000000e+00
 0.00000000e+00 4.33041049e-18 0.00000000e+00 1.12473741e-18
 5.19121875e-18 2.23176601e-18 5.87383886e-02 0.00000000e+00
 0.00000000e+00 1.55608731e-18 6.14426877e-18 0.00000000e+00
 0.00000000e+00 0.00000000e+00 0.00000000e+00 0.00000000e+00
 0.00000000e+00 0.00000000e+00 0.00000000e+00 9.61808487e-18
 0.00000000e+00 0.00000000e+00 0.00000000e+00 0.00000000e+00
 1.88297527e-02 0.00000000e+00 9.03858159e-18 1.55029872e-18
 5.90664313e-18 0.00000000e+00 0.00000000e+00 0.00000000e+00
 2.82683437e-17 5.43590140e-19 0.00000000e+00 1.10118877e-17
 1.17289809e-18 0.00000000e+00 2.72724147e-18 1.55058414e-18
 0.00000000e+00 3.96517598e-17 0.00000000e+00 0.00000000e+00
 8.61474557e-18 0.00000000e+00 0.00000000e+00 6.71464066e-18
 0.00000000e+00 4.29542784e-18 0.00000000e+00 0.00000000e+00
 5.09389837e-18 1.08942103e-17 0.00000000e+00 5.53242630e-18
 0.00000000e+00 2.40413455e-17 4.82717641e-18 0.00000000e+00
 9.51953132e-19 2.43379143e-18 5.08218705e-18 0.00000000e+00
 0.00000000e+00 0.00000000e+00 5.67094749e-18 0.00000000e+00
 3.66397386e-18 0.00000000e+00 0.00000000e+00 0.00000000e+00
 2.15781715e-01 0.00000000e+00 0.00000000e+00 0.00000000e+00
 6.41907175e-18 0.00000000e+00 0.00000000e+00 0.00000000e+00
 4.66623002e-18 0.00000000e+00 1.05708865e-04 5.20276744e-18
 2.15482962e-18 6.71745045e-19 6.48124988e-18 2.13162174e-17
 2.60208521e-18 0.00000000e+00 9.24656654e-18 0.00000000e+00
 9.70104383e-18 3.52295514e-18 0.00000000e+00 3.49141634e-18
 0.00000000e+00 0.00000000e+00 0.00000000e+00 0.00000000e+00
 1.07721600e-17 2.83709425e-18 6.84725741e-18 0.00000000e+00
 0.00000000e+00 0.00000000e+00 1.02912870e-18 5.81053229e-18
 8.30080800e-18 0.00000000e+00 0.00000000e+00 3.74737478e-18
 0.00000000e+00 4.90662146e-18 0.00000000e+00 1.01013526e-17
 0.00000000e+00 0.00000000e+00 0.00000000e+00 1.22929301e-19
 0.00000000e+00 6.69988494e-18 0.00000000e+00 3.07032220e-19
 1.20078001e-18 0.00000000e+00]",0.003148124655862925,"[0.00561754 0.00992283 0.0059853  0.00566116 0.00979677 0.00718551
 0.00856391 0.00401539 0.01031253 0.00730771 0.009455   0.00354882
 0.00491101 0.00209103 0.00335527 0.00481    0.00511067 0.00113036
 0.00833243 0.00748945 0.00717186 0.01053156 0.00162369 0.00274906
 0.00470742 0.00259062 0.00260162 0.00594093 0.00660181 0.00788858
 0.00763126 0.00589151 0.00694969 0.00528099 0.0056952  0.00377514
 0.00409048 0.00207496 0.00752933 0.0040355  0.00489983 0.00731534
 0.00492747 0.00784602 0.00257522 0.0035228  0.00764256 0.0067503
 0.00693461 0.00660803 0.00599106 0.00870364 0.00490118 0.00411748
 0.00700661 0.00774348 0.00731708 0.00301163 0.00990176 0.00292597
 0.00451412 0.00315996 0.00760578 0.00864256 0.00459382 0.00872582
 0.0079375  0.0064645  0.00404294 0.00771481 0.00677385 0.00802418
 0.00525931 0.00371566 0.00859627 0.00523188 0.00651128 0.00863738
 0.00411582 0.00948522 0.00907608 0.00836317 0.0066897  0.00433756
 0.00668724 0.00442606 0.00631497 0.0071487  0.00521736 0.0088642
 0.0040922  0.0052363  0.00600635 0.01083475 0.01094841 0.00620589
 0.00696883 0.00855549 0.00627758 0.00600312 0.00686971 0.00877574
 0.00704198 0.00726826 0.00745337 0.00421071 0.00368471 0.00527824
 0.00741517 0.00361831 0.00800244 0.00601986 0.00786258 0.0047702
 0.00591403 0.00466658 0.00559968 0.00649167 0.0056852  0.00519343
 0.00727009 0.00603819 0.00526894 0.00993854 0.00576651 0.00407377
 0.00592402 0.00420965 0.00894446 0.00387623 0.0056542  0.00631
 0.00814167 0.00909295 0.00811172 0.00732138 0.00840059 0.00786639
 0.00694663 0.00570116 0.00466854 0.00385701 0.00506289 0.00806785
 0.00744896 0.00583847 0.00488336 0.00691798 0.0060559  0.00602223
 0.00559287 0.00682351 0.00660431 0.00520801 0.00421496 0.00437142
 0.00414303 0.00415665 0.00704122 0.0056363  0.00379464 0.00356013
 0.00810443 0.00377375 0.00479322 0.00828939 0.00304908 0.00673744
 0.00827851 0.0089276  0.00400402 0.00412956 0.00705507 0.00433045
 0.00721091 0.00644466 0.00820645 0.00727135 0.00623368 0.00450962
 0.00472695 0.00583732 0.00733835 0.00658116 0.00535936 0.00923355
 0.00736088 0.00909622 0.01102723 0.00257416 0.00736512 0.00575684
 0.00403636 0.0064632  0.00972137 0.01017857 0.00555749 0.00672402
 0.00841745 0.00703391 0.01038743 0.00862724 0.00588126 0.00384936
 0.00583216 0.00423721 0.00719069 0.0039404  0.0030812  0.00428909
 0.00536948 0.00350622 0.00602013 0.00789454 0.00473387 0.00478766
 0.0066639  0.00637389 0.00565535 0.005738   0.00314933 0.00401884
 0.00403635 0.0072912  0.00435992 0.00437658 0.00893217 0.00776348
 0.00881784 0.00701976 0.00406671 0.00243574 0.00609382 0.00935704
 0.00759221 0.00666735 0.00699868 0.00815597 0.00488804 0.00598935
 0.00302958 0.00339847 0.004541   0.00928405 0.00454806 0.00785492
 0.00820312 0.01053664 0.00270414 0.00605687 0.00758815 0.00438276
 0.00257705 0.00470549 0.00467595 0.009377   0.00468817 0.00537147
 0.00780073 0.00674418 0.00327155 0.00283926 0.00861582 0.00318666
 0.00588497 0.00421542 0.00606835 0.00268732 0.00489665 0.00732998
 0.00361553 0.00304511 0.00666624 0.00606425 0.00539811 0.00575325
 0.00505319 0.0042292  0.00695899 0.00673862 0.00423277 0.00227038
 0.00535344 0.00330802 0.00870338 0.00492479 0.00303132 0.00343039
 0.00772766 0.01152469 0.00384847 0.00491888 0.00689735 0.00933939
 0.00486033 0.00358711 0.00711887 0.01075968 0.00426455 0.00520433
 0.00199904 0.00442153 0.00481503 0.00634965 0.00795381 0.00310318
 0.00534029 0.00680951 0.01016091 0.00963601 0.00523055 0.00829998
 0.00352807 0.00391332 0.00961524 0.00601787 0.00276457 0.00327502
 0.00900389 0.00383554 0.00369425 0.00620278 0.00629302 0.00550621
 0.00475897 0.00926106 0.00617996 0.00370687 0.00755288 0.00493093
 0.00665683 0.00251589 0.0065994  0.01030832 0.00636403 0.01365702
 0.01275007 0.00695612 0.00322055 0.00497593 0.00365856 0.01160238
 0.00462338 0.00424725 0.00632856 0.00687511 0.00745496 0.00608841
 0.00526855 0.00824741 0.00707859 0.00467578 0.00464874 0.00464009
 0.00638179 0.00748731 0.00739572 0.00727192 0.00950367 0.00791628
 0.0078989  0.00665331 0.00179197 0.00470597 0.00603741 0.00710698
 0.00571726 0.00915088 0.00573401 0.00778935 0.00418856 0.00471341
 0.00733142 0.00587537 0.00246895 0.01062953 0.00695998 0.00919774
 0.00704345 0.00649925 0.00937577 0.00876754 0.0058929  0.00624953
 0.00460921 0.00844742 0.01118522 0.00843777 0.00533515 0.00711192
 0.00438682 0.00485715 0.00608362 0.00444819 0.00397493 0.00729537
 0.00344239 0.00766561 0.00568454 0.00759269 0.01255848 0.00826722
 0.00492085 0.00471562 0.00888228 0.00778858 0.00556438 0.00888988
 0.00545225 0.00776969 0.00863945 0.00556872 0.00485927 0.00358808
 0.00585797 0.00627571 0.00527647 0.00731407 0.00733259 0.00610128
 0.00325641 0.00914224 0.00703629 0.00747319 0.00899334 0.0093212 ]",22,9394,22,0,Optimization terminated successfully,True
"[1.99978909e-17 0.00000000e+00 0.00000000e+00 4.25505840e-17
 3.14778558e-17 0.00000000e+00 0.00000000e+00 0.00000000e+00
 4.67403867e-17 8.30485260e-17 2.20915048e-17 1.62757143e-17
 0.00000000e+00 0.00000000e+00 0.00000000e+00 0.00000000e+00
 1.43680359e-17 0.00000000e+00 0.00000000e+00 1.65556299e-17
 2.36980213e-17 0.00000000e+00 0.00000000e+00 2.61274261e-17
 0.00000000e+00 0.00000000e+00 0.00000000e+00 1.18804650e-17
 2.87820648e-17 4.92143988e-18 0.00000000e+00 0.00000000e+00
 0.00000000e+00 0.00000000e+00 1.41106317e-17 2.48429302e-17
 1.02999530e-17 0.00000000e+00 7.28521572e-18 8.98404431e-18
 1.52099326e-17 0.00000000e+00 0.00000000e+00 0.00000000e+00
 5.40636483e-17 0.00000000e+00 6.20172746e-17 1.81493818e-17
 9.67325721e-18 0.00000000e+00 2.18575158e-16 0.00000000e+00
 0.00000000e+00 1.17888733e-18 8.05014226e-18 3.81750807e-17
 0.00000000e+00 0.00000000e+00 0.00000000e+00 0.00000000e+00
 0.00000000e+00 0.00000000e+00 8.38653278e-18 0.00000000e+00
 5.80899855e-17 2.75159220e-17 2.55251298e-18 0.00000000e+00
 0.00000000e+00 0.00000000e+00 4.43144187e-17 0.00000000e+00
 5.46615897e-19 0.00000000e+00 0.00000000e+00 0.00000000e+00
 0.00000000e+00 1.60440934e-17 2.48322328e-17 0.00000000e+00
 0.00000000e+00 0.00000000e+00 4.08483757e-17 1.43574802e-18
 4.81499123e-18 0.00000000e+00 3.04345397e-17 2.44383331e-17
 2.49144362e-17 0.00000000e+00 0.00000000e+00 1.24952807e-17
 4.38303250e-17 0.00000000e+00 0.00000000e+00 0.00000000e+00
 1.41234438e-17 3.52345231e-17 5.56236808e-18 1.13162218e-16
 0.00000000e+00 0.00000000e+00 5.85713798e-17 0.00000000e+00
 0.00000000e+00 5.63670842e-02 0.00000000e+00 5.78784238e-18
 1.07689974e-17 4.68324674e-18 0.00000000e+00 0.00000000e+00
 0.00000000e+00 0.00000000e+00 9.06856627e-18 6.02191569e-18
 7.08756542e-17 8.56813780e-18 0.00000000e+00 0.00000000e+00
 3.68876221e-17 2.24667334e-17 0.00000000e+00 0.00000000e+00
 1.32099725e-18 7.39818226e-17 0.00000000e+00 0.00000000e+00
 1.64643453e-18 0.00000000e+00 2.33289866e-17 2.40565554e-17
 0.00000000e+00 0.00000000e+00 0.00000000e+00 0.00000000e+00
 0.00000000e+00 0.00000000e+00 4.05046995e-18 2.87239846e-18
 5.96307744e-17 1.24366163e-17 0.00000000e+00 2.28587038e-17
 0.00000000e+00 1.60443605e-17 0.00000000e+00 0.00000000e+00
 1.70601703e-01 1.86916669e-17 5.32617380e-18 4.07026543e-17
 0.00000000e+00 6.95497744e-17 0.00000000e+00 0.00000000e+00
 0.00000000e+00 0.00000000e+00 1.61572226e-17 0.00000000e+00
 1.14749853e-17 0.00000000e+00 0.00000000e+00 0.00000000e+00
 0.00000000e+00 2.01161956e-19 0.00000000e+00 0.00000000e+00
 0.00000000e+00 6.58581676e-18 0.00000000e+00 0.00000000e+00
 1.07618776e-17 0.00000000e+00 2.53932952e-17 8.52222829e-18
 0.00000000e+00 0.00000000e+00 8.20487043e-18 0.00000000e+00
 0.00000000e+00 2.02088663e-17 2.28840084e-17 0.00000000e+00
 0.00000000e+00 0.00000000e+00 3.48765934e-17 1.06586223e-17
 1.83983065e-17 3.61055572e-17 2.28004452e-17 0.00000000e+00
 0.00000000e+00 0.00000000e+00 2.03103764e-18 0.00000000e+00
 2.83268287e-18 0.00000000e+00 0.00000000e+00 2.36296290e-17
 4.85327750e-01 3.19423114e-17 7.53874044e-18 5.08793595e-17
 2.61648094e-17 1.59263360e-17 8.50576237e-18 0.00000000e+00
 0.00000000e+00 4.91660410e-18 0.00000000e+00 4.24322233e-17
 0.00000000e+00 0.00000000e+00 4.34625209e-18 0.00000000e+00
 4.51549469e-17 0.00000000e+00 0.00000000e+00 2.47561512e-17
 1.92456029e-17 4.50368003e-18 0.00000000e+00 4.07855129e-18
 3.29378989e-17 0.00000000e+00 4.28643755e-18 1.60712141e-17
 1.63904899e-17 0.00000000e+00 4.97021205e-18 0.00000000e+00
 3.62371747e-18 1.11326979e-17 1.32700643e-17 1.24637146e-18
 0.00000000e+00 0.00000000e+00 0.00000000e+00 0.00000000e+00
 3.14281402e-17 1.15420683e-17 3.91837312e-17 3.27189702e-17
 1.21068722e-17 0.00000000e+00 6.39111565e-17 3.23463559e-17
 2.61015152e-17 4.29194335e-18 1.13158037e-18 1.23780812e-17
 1.86660486e-17 0.00000000e+00 0.00000000e+00 0.00000000e+00
 0.00000000e+00 0.00000000e+00 0.00000000e+00 0.00000000e+00
 0.00000000e+00 0.00000000e+00 1.11645915e-17 3.51022515e-18
 0.00000000e+00 3.50629230e-17 0.00000000e+00 0.00000000e+00
 0.00000000e+00 2.56349558e-17 0.00000000e+00 4.81341598e-18
 0.00000000e+00 3.23134044e-18 0.00000000e+00 0.00000000e+00
 0.00000000e+00 2.44959544e-18 1.19949666e-17 0.00000000e+00
 0.00000000e+00 0.00000000e+00 6.89610499e-18 0.00000000e+00
 0.00000000e+00 6.26000001e-17 1.93858657e-17 1.98777419e-17
 0.00000000e+00 0.00000000e+00 1.32758351e-17 0.00000000e+00
 1.39144431e-17 1.21370706e-17 0.00000000e+00 0.00000000e+00
 0.00000000e+00 0.00000000e+00 0.00000000e+00 1.11582170e-17
 0.00000000e+00 0.00000000e+00 1.54476321e-17 0.00000000e+00
 1.40361953e-17 1.37077621e-17 0.00000000e+00 0.00000000e+00
 0.00000000e+00 0.00000000e+00 0.00000000e+00 0.00000000e+00
 0.00000000e+00 2.51704139e-18 0.00000000e+00 8.62097049e-18
 3.38139634e-17 0.00000000e+00 1.16404590e-17 4.36631401e-17
 0.00000000e+00 9.77356390e-18 0.00000000e+00 9.88230875e-18
 2.07952097e-17 2.12235906e-17 3.07217741e-17 0.00000000e+00
 0.00000000e+00 0.00000000e+00 9.51751953e-18 0.00000000e+00
 0.00000000e+00 1.02758573e-17 0.00000000e+00 0.00000000e+00
 3.52001207e-17 1.01112784e-17 1.52185300e-17 2.12920022e-17
 0.00000000e+00 1.01095581e-17 2.73087175e-18 0.00000000e+00
 0.00000000e+00 2.05985200e-17 0.00000000e+00 0.00000000e+00
 3.19697486e-17 2.10128272e-17 0.00000000e+00 2.34070718e-17
 2.22880270e-17 0.00000000e+00 1.08721367e-17 3.98204636e-18
 0.00000000e+00 0.00000000e+00 1.62683233e-17 6.36204392e-18
 0.00000000e+00 6.14697124e-18 2.00825162e-17 0.00000000e+00
 0.00000000e+00 2.36260402e-18 4.15258593e-18 4.26551977e-17
 2.64404484e-17 0.00000000e+00 0.00000000e+00 5.31649711e-18
 2.87703463e-01 0.00000000e+00 6.12981587e-19 2.34506344e-17
 1.82081974e-18 1.42565660e-17 0.00000000e+00 0.00000000e+00
 5.93395508e-18 3.02756495e-17 9.91295524e-17 0.00000000e+00
 0.00000000e+00 0.00000000e+00 2.54118314e-17 0.00000000e+00
 7.11738187e-18 0.00000000e+00 1.01548108e-17 1.67910578e-17
 2.42034987e-17 1.18993516e-17 7.24137538e-19 7.35913161e-19
 0.00000000e+00 1.66321078e-17 0.00000000e+00 2.10813284e-18
 0.00000000e+00 1.20069809e-17 1.52574333e-17 0.00000000e+00
 3.70507831e-17 7.56844002e-18 0.00000000e+00 1.23888961e-17
 0.00000000e+00 0.00000000e+00 1.08916375e-18 0.00000000e+00
 0.00000000e+00 9.35982598e-18 0.00000000e+00 0.00000000e+00
 0.00000000e+00 1.44272805e-17 4.65815612e-18 7.59499091e-18
 0.00000000e+00 8.07337291e-19 0.00000000e+00 7.30543011e-18
 2.16563158e-17 0.00000000e+00]",0.00701622865505916,"[0.00726959 0.01407404 0.00868007 0.0075897  0.01395418 0.01080574
 0.01180567 0.00477718 0.01555255 0.01018492 0.01377318 0.00456308
 0.00649716 0.00235828 0.00478766 0.00740931 0.00683754 0.00036329
 0.01213597 0.01065136 0.01009713 0.01576943 0.001408   0.00296238
 0.00686107 0.00275657 0.00278122 0.00902235 0.00936464 0.01129676
 0.01055044 0.00780938 0.00870069 0.00771716 0.00762268 0.00480245
 0.00455583 0.00198084 0.01003151 0.00470088 0.00667773 0.00961399
 0.00640032 0.01081513 0.00246094 0.00505101 0.01236703 0.00953089
 0.0087619  0.00997815 0.00767118 0.01175478 0.00656924 0.00495059
 0.00825505 0.01161365 0.01044492 0.0027962  0.01449864 0.00363231
 0.00598904 0.00426457 0.01096158 0.01335862 0.00589228 0.01290321
 0.01067439 0.0092248  0.00522409 0.01026747 0.00932279 0.0106983
 0.00668856 0.00400959 0.01240871 0.00690518 0.00905096 0.0124414
 0.00601388 0.01389163 0.01252625 0.01193534 0.00905499 0.00548187
 0.00945114 0.00596    0.00822778 0.00987902 0.00710899 0.01270435
 0.00608765 0.00721795 0.00802315 0.01481017 0.0168636  0.00778916
 0.0099604  0.01246474 0.00909563 0.00951724 0.00991117 0.01312715
 0.01046788 0.01091747 0.01051801 0.00304121 0.00524766 0.00603783
 0.01059599 0.00471318 0.01173612 0.00870537 0.01125937 0.00633501
 0.00804435 0.00588394 0.00791924 0.00962667 0.00695784 0.00670477
 0.0106355  0.00822527 0.00687632 0.01430602 0.00813865 0.00491165
 0.00877745 0.00533569 0.0129565  0.00522844 0.00646525 0.00823781
 0.01088828 0.01276906 0.01126213 0.0096014  0.01102129 0.01181136
 0.01010952 0.00788549 0.00654573 0.00440204 0.0060576  0.01094813
 0.01086237 0.00747538 0.00664104 0.0099332  0.00714532 0.0085246
 0.00797631 0.00937494 0.00910013 0.00783849 0.00510806 0.00550373
 0.00569286 0.0051513  0.0095573  0.00844727 0.00532533 0.00473445
 0.01221015 0.00458363 0.00595585 0.01145006 0.00365146 0.00861872
 0.011616   0.01306618 0.005733   0.00583898 0.00861198 0.00557872
 0.01029236 0.00846414 0.01163005 0.00985783 0.0084216  0.00579132
 0.00642576 0.00792504 0.009505   0.00891113 0.00805564 0.01359379
 0.01055775 0.01361535 0.01625706 0.0027418  0.0096056  0.0074388
 0.00613691 0.00912479 0.01318733 0.0150474  0.00703477 0.00929364
 0.01410678 0.00985981 0.01992333 0.0135724  0.00962994 0.00646862
 0.00836001 0.00695498 0.01161872 0.00518555 0.00404607 0.00636789
 0.00752261 0.00433697 0.00903757 0.01182273 0.0083651  0.00648129
 0.01000779 0.00958413 0.00820556 0.0096792  0.00411131 0.00712163
 0.00521109 0.01028618 0.00881227 0.00603807 0.01315567 0.01165674
 0.01304011 0.01158373 0.00566323 0.00416325 0.00907304 0.01380927
 0.01124782 0.00880772 0.01016402 0.01291703 0.00711584 0.00850778
 0.00433925 0.00466447 0.00654305 0.01436485 0.00671874 0.01240858
 0.01334263 0.01758094 0.0036359  0.00853372 0.01161036 0.00688548
 0.00282171 0.00725998 0.00715071 0.0152544  0.00773658 0.00871834
 0.01203203 0.00936299 0.00473077 0.00418471 0.01301173 0.00399455
 0.00845123 0.00624601 0.01041539 0.00326605 0.00775936 0.01077081
 0.0045407  0.00328463 0.01141443 0.01003846 0.0079162  0.00862703
 0.00899413 0.0060283  0.01036211 0.00992806 0.00746795 0.00257378
 0.00863634 0.00451718 0.01366987 0.00748674 0.00347062 0.00797739
 0.01086858 0.01935142 0.00613173 0.00714114 0.00949192 0.01385793
 0.00796822 0.00427805 0.01098029 0.01510962 0.00604492 0.00669481
 0.0023835  0.00697059 0.00666438 0.01058141 0.01144328 0.00421565
 0.00630234 0.01016687 0.01534621 0.01482558 0.00894191 0.01378616
 0.00469196 0.00585586 0.01529905 0.00959432 0.00339702 0.00404311
 0.01382502 0.00590042 0.00507302 0.00881234 0.0094368  0.00795855
 0.00638833 0.01416807 0.00865744 0.00442347 0.01046303 0.00722645
 0.00977138 0.00281454 0.01006489 0.01498136 0.00911271 0.02009818
 0.02000712 0.01021767 0.0048361  0.00754839 0.00490853 0.01793512
 0.00653638 0.00600973 0.00880329 0.00946339 0.01074471 0.00914662
 0.00724924 0.01223917 0.00885618 0.00641644 0.00674493 0.00588009
 0.00861943 0.0106654  0.01001234 0.01132168 0.01390843 0.01185077
 0.01002042 0.01033985 0.0016389  0.00573893 0.00856244 0.0116786
 0.00797045 0.01408995 0.00880506 0.01164767 0.0054417  0.00600055
 0.01033247 0.00818098 0.00295151 0.01644364 0.00920892 0.01460581
 0.01087764 0.00846495 0.01289471 0.01338306 0.00927483 0.00934886
 0.00650907 0.01249451 0.01786204 0.01266221 0.00659603 0.01023867
 0.00577407 0.00621064 0.00852517 0.00625747 0.00582308 0.01069181
 0.00506816 0.00967599 0.00752925 0.01091541 0.01938932 0.01205592
 0.00664386 0.00659287 0.01244537 0.01068799 0.00687148 0.01345043
 0.00688486 0.01102635 0.01202287 0.00746419 0.00603109 0.00423182
 0.00858662 0.00867345 0.00744025 0.00974858 0.00967842 0.00801587
 0.0038344  0.01298491 0.01055887 0.0103851  0.01213979 0.0136847 ]",16,6832,16,0,Optimization terminated successfully,True
"[4.31252256e-15 0.00000000e+00 1.26634814e-16 3.34367950e-16
 0.00000000e+00 0.00000000e+00 0.00000000e+00 1.20563282e-15
 0.00000000e+00 9.47245754e-15 9.61904167e-16 3.49026363e-15
 4.56622587e-15 1.68658490e-15 3.25520860e-15 0.00000000e+00
 0.00000000e+00 0.00000000e+00 0.00000000e+00 0.00000000e+00
 2.12503626e-16 0.00000000e+00 1.51831672e-15 0.00000000e+00
 1.31665512e-15 1.81712284e-15 0.00000000e+00 0.00000000e+00
 0.00000000e+00 1.77418844e-15 0.00000000e+00 3.35191944e-15
 0.00000000e+00 0.00000000e+00 0.00000000e+00 2.29807492e-15
 0.00000000e+00 0.00000000e+00 0.00000000e+00 0.00000000e+00
 1.89995589e-15 0.00000000e+00 0.00000000e+00 0.00000000e+00
 0.00000000e+00 1.38214093e-15 3.34151110e-15 0.00000000e+00
 0.00000000e+00 3.33587324e-15 5.59448321e-17 3.52712651e-15
 0.00000000e+00 4.11823353e-15 0.00000000e+00 0.00000000e+00
 0.00000000e+00 0.00000000e+00 0.00000000e+00 2.68838771e-15
 3.46554382e-15 0.00000000e+00 1.27805752e-15 0.00000000e+00
 0.00000000e+00 0.00000000e+00 2.72828635e-15 6.68085379e-15
 3.56529042e-15 6.37597614e-15 0.00000000e+00 0.00000000e+00
 0.00000000e+00 0.00000000e+00 1.95720176e-15 0.00000000e+00
 0.00000000e+00 0.00000000e+00 7.39859563e-16 0.00000000e+00
 0.00000000e+00 0.00000000e+00 5.90239663e-16 0.00000000e+00
 4.80865348e-15 0.00000000e+00 5.99563801e-15 0.00000000e+00
 0.00000000e+00 0.00000000e+00 0.00000000e+00 3.46814591e-15
 1.20693386e-15 4.25440932e-16 0.00000000e+00 0.00000000e+00
 2.80461418e-15 0.00000000e+00 0.00000000e+00 1.99536568e-15
 0.00000000e+00 3.63814881e-15 4.37193684e-15 3.15719673e-16
 6.83914730e-16 1.09157475e-15 2.77599124e-15 1.54347021e-15
 0.00000000e+00 5.92885116e-15 6.59628602e-16 0.00000000e+00
 0.00000000e+00 0.00000000e+00 0.00000000e+00 0.00000000e+00
 0.00000000e+00 7.67181457e-16 1.86526142e-15 1.56558794e-16
 5.60098842e-15 3.71100720e-15 0.00000000e+00 2.07733136e-16
 0.00000000e+00 0.00000000e+00 1.26287869e-15 2.95336672e-16
 2.98676014e-15 0.00000000e+00 5.49256821e-15 0.00000000e+00
 0.00000000e+00 2.05000947e-15 6.75327849e-15 0.00000000e+00
 0.00000000e+00 3.33934269e-16 2.49366500e-16 0.00000000e+00
 0.00000000e+00 0.00000000e+00 0.00000000e+00 0.00000000e+00
 0.00000000e+00 0.00000000e+00 0.00000000e+00 2.74433254e-15
 1.76638218e-15 0.00000000e+00 1.07409741e-14 1.25420507e-15
 2.93168267e-16 1.24423041e-15 0.00000000e+00 2.33537148e-15
 0.00000000e+00 0.00000000e+00 1.66576822e-15 0.00000000e+00
 1.28586378e-15 5.27312569e-15 2.24343114e-15 0.00000000e+00
 1.03953304e-15 1.23295471e-15 0.00000000e+00 0.00000000e+00
 3.59044391e-15 1.71477416e-15 4.03756889e-16 9.25908655e-16
 0.00000000e+00 2.82543086e-15 0.00000000e+00 0.00000000e+00
 1.44198889e-15 0.00000000e+00 0.00000000e+00 4.25397564e-15
 4.15379536e-15 2.98589278e-15 1.16660154e-16 0.00000000e+00
 0.00000000e+00 1.28933322e-15 1.89431804e-15 3.03142927e-15
 2.44205697e-15 0.00000000e+00 0.00000000e+00 0.00000000e+00
 0.00000000e+00 0.00000000e+00 4.82643439e-15 0.00000000e+00
 1.53566396e-15 0.00000000e+00 5.78963960e-16 0.00000000e+00
 9.99999990e-01 1.66403349e-15 2.39521944e-15 6.83914730e-16
 5.80351739e-15 6.00648004e-16 0.00000000e+00 2.99760217e-15
 0.00000000e+00 1.61979805e-15 1.19045399e-15 1.68224809e-15
 0.00000000e+00 0.00000000e+00 0.00000000e+00 0.00000000e+00
 0.00000000e+00 0.00000000e+00 1.39948816e-15 0.00000000e+00
 0.00000000e+00 0.00000000e+00 0.00000000e+00 0.00000000e+00
 0.00000000e+00 2.14108245e-15 3.57396404e-15 0.00000000e+00
 0.00000000e+00 3.83547361e-15 1.09114107e-15 0.00000000e+00
 2.22087973e-15 0.00000000e+00 0.00000000e+00 7.76722436e-16
 1.33617076e-15 1.61199179e-15 0.00000000e+00 2.84191073e-15
 0.00000000e+00 0.00000000e+00 0.00000000e+00 0.00000000e+00
 0.00000000e+00 0.00000000e+00 2.53659940e-15 2.92344274e-15
 0.00000000e+00 0.00000000e+00 0.00000000e+00 1.80194401e-15
 0.00000000e+00 0.00000000e+00 2.47328200e-15 0.00000000e+00
 2.00750874e-15 3.20360058e-15 0.00000000e+00 1.16660154e-16
 5.71114336e-15 2.01271291e-15 2.97244868e-15 0.00000000e+00
 1.75684120e-15 0.00000000e+00 0.00000000e+00 1.49576532e-15
 2.25210475e-15 3.04010289e-16 0.00000000e+00 1.93898717e-15
 1.67270711e-15 7.77589798e-16 5.59014640e-16 0.00000000e+00
 0.00000000e+00 5.29350869e-15 2.44465906e-15 0.00000000e+00
 2.17924637e-15 1.22731686e-16 2.99239800e-16 4.00721123e-15
 0.00000000e+00 4.27175656e-16 5.34598407e-15 0.00000000e+00
 0.00000000e+00 0.00000000e+00 0.00000000e+00 2.72048009e-15
 2.29070235e-15 3.03576608e-18 0.00000000e+00 0.00000000e+00
 2.31498848e-15 2.33407044e-15 0.00000000e+00 0.00000000e+00
 6.18559023e-15 1.05384451e-16 0.00000000e+00 2.73522524e-15
 0.00000000e+00 0.00000000e+00 5.08707659e-16 0.00000000e+00
 0.00000000e+00 2.91867225e-15 6.19729962e-16 0.00000000e+00
 3.03142927e-16 2.95293304e-15 0.00000000e+00 1.97064587e-15
 0.00000000e+00 0.00000000e+00 1.00310385e-15 0.00000000e+00
 6.28403579e-16 0.00000000e+00 3.77736037e-16 0.00000000e+00
 1.38300829e-15 1.11455983e-16 2.51231327e-15 0.00000000e+00
 1.69395747e-15 0.00000000e+00 0.00000000e+00 0.00000000e+00
 2.55915081e-15 2.13761300e-15 0.00000000e+00 2.54700774e-15
 0.00000000e+00 3.24826971e-16 1.53566396e-15 3.62123526e-16
 1.47885176e-16 3.02405670e-15 0.00000000e+00 0.00000000e+00
 2.41950557e-15 0.00000000e+00 0.00000000e+00 2.78770063e-15
 0.00000000e+00 1.30971622e-15 0.00000000e+00 4.66553879e-15
 1.06078341e-15 4.34114550e-16 9.83154530e-16 0.00000000e+00
 1.86352669e-15 8.85619703e-15 1.72474882e-15 0.00000000e+00
 2.90089133e-15 0.00000000e+00 2.53920149e-15 0.00000000e+00
 1.48535698e-15 3.16153353e-16 9.86060192e-15 8.42641928e-16
 0.00000000e+00 4.42788167e-16 2.82326246e-16 0.00000000e+00
 9.83526358e-09 0.00000000e+00 0.00000000e+00 0.00000000e+00
 1.03953304e-15 6.78710560e-16 2.61292724e-15 1.03519623e-15
 9.00755165e-16 0.00000000e+00 7.39425882e-16 0.00000000e+00
 0.00000000e+00 5.41667405e-16 7.12537668e-16 4.48642859e-15
 0.00000000e+00 5.23235968e-15 1.54000077e-15 8.07080097e-16
 1.40642706e-15 0.00000000e+00 3.07349632e-15 0.00000000e+00
 9.11163506e-16 0.00000000e+00 6.07586897e-16 1.47061183e-15
 0.00000000e+00 0.00000000e+00 2.25557420e-15 1.36219161e-15
 2.97158131e-15 0.00000000e+00 9.32413868e-17 2.54570670e-16
 0.00000000e+00 1.50096949e-15 1.54780702e-15 5.99910746e-15
 0.00000000e+00 0.00000000e+00 0.00000000e+00 0.00000000e+00
 0.00000000e+00 3.16153353e-16 4.72278466e-16 0.00000000e+00
 0.00000000e+00 0.00000000e+00 6.31005664e-16 1.53089347e-16
 1.22905158e-15 9.31980187e-16]",0.016026229764838463,"[ 0.00890541  0.01756407  0.01064419  0.00946874  0.01866568  0.01437927
  0.01502246  0.00509993  0.02243541  0.01244994  0.01796254  0.00566687
  0.00793758  0.00199098  0.00649316  0.0118463   0.00839915 -0.00043743
  0.0155842   0.01380324  0.01263835  0.02164766  0.00102912  0.00355388
  0.00906989  0.00282312  0.0026551   0.01168567  0.01228674  0.01575444
  0.01361197  0.00929093  0.01014272  0.01101409  0.00926948  0.00595219
  0.00528949  0.00188835  0.01236472  0.00564324  0.00804628  0.01116496
  0.00807228  0.01413231  0.00239474  0.00610677  0.01650738  0.01168627
  0.0094494   0.0131816   0.00976034  0.01504158  0.00904834  0.00579014
  0.00918455  0.01496571  0.0131644   0.00227564  0.01926232  0.00391628
  0.00793935  0.00547899  0.01470289  0.01846509  0.00711021  0.01611756
  0.01300713  0.01120062  0.00641167  0.01249867  0.01196311  0.01315876
  0.00769945  0.00416503  0.01591556  0.00857895  0.01150418  0.01612857
  0.00773673  0.01852388  0.01577935  0.01561255  0.01156731  0.0066982
  0.01177414  0.00733694  0.00989137  0.01239364  0.00905266  0.01547482
  0.00894416  0.00905928  0.01006184  0.01991183  0.02358721  0.00964737
  0.01319419  0.0162791   0.01264871  0.01403322  0.01355739  0.01876979
  0.01422535  0.01519187  0.01381043  0.00274267  0.00714044  0.00680508
  0.01427145  0.00614345  0.01479551  0.01076448  0.01409833  0.00796423
  0.00976886  0.0066672   0.00976953  0.01264348  0.00811969  0.00844562
  0.01427882  0.01068525  0.00837666  0.01926604  0.0104022   0.00541255
  0.01106345  0.0055389   0.01696678  0.00705636  0.00748724  0.00916929
  0.01391104  0.0159928   0.01518376  0.01235494  0.01405921  0.01615121
  0.013504    0.01010224  0.00764266  0.0044664   0.00710782  0.01414466
  0.01465747  0.0088752   0.008464    0.01334736  0.0064541   0.01038772
  0.01000439  0.01123833  0.01193816  0.01095314  0.00562145  0.0060577
  0.00668079  0.00588006  0.0117222   0.01060919  0.00673221  0.00551167
  0.01572452  0.00509113  0.00677628  0.01447756  0.00412394  0.00994026
  0.01502866  0.01770748  0.00770697  0.00770731  0.00976577  0.00673908
  0.01371062  0.00994433  0.01460381  0.01225252  0.01002836  0.00654308
  0.00738314  0.01030243  0.01106245  0.01068098  0.0105399   0.01723184
  0.0132506   0.01735485  0.0211904   0.00223002  0.01209341  0.00870963
  0.00814766  0.01131738  0.01672275  0.01957286  0.00804303  0.01173767
  0.02253649  0.01211714  0.03205246  0.02025316  0.01383486  0.00995582
  0.01126492  0.00942452  0.01675469  0.00731128  0.00498004  0.00893624
  0.01049429  0.00512816  0.01250542  0.01679737  0.01242906  0.00863943
  0.01255236  0.01337907  0.01121522  0.01408997  0.00509061  0.01075735
  0.00631927  0.01412557  0.01378453  0.00786674  0.01850608  0.01597018
  0.01768607  0.01782098  0.00785173  0.00551831  0.01300118  0.01886214
  0.01494919  0.01045781  0.01453744  0.0187658   0.00928268  0.0116952
  0.00574945  0.00658557  0.00805286  0.02040837  0.0092765   0.01825166
  0.01905058  0.02684407  0.0055983   0.01141997  0.0164491   0.00974072
  0.003076    0.01018243  0.00914086  0.02175314  0.01112891  0.01233541
  0.01730713  0.01218754  0.00626524  0.00610229  0.01916614  0.00500177
  0.01223114  0.00874891  0.01536798  0.00383686  0.01122296  0.01518655
  0.00563646  0.0035379   0.0176239   0.0147005   0.01123913  0.01170056
  0.0142512   0.00840401  0.01309946  0.0129321   0.01088483  0.00316594
  0.01346583  0.00581386  0.02013433  0.01046368  0.00384295  0.01244387
  0.01446086  0.02928958  0.00927743  0.00972274  0.0125299   0.01778965
  0.01057738  0.00524157  0.01538881  0.01989765  0.0085273   0.00866304
  0.00303124  0.01077729  0.00909859  0.01590459  0.01586501  0.00484296
  0.00783535  0.01398643  0.02067085  0.02134546  0.01396431  0.02184773
  0.00557533  0.00829405  0.02225275  0.01318826  0.00390953  0.00507928
  0.01953419  0.00760168  0.00649087  0.01104667  0.01320425  0.01032854
  0.00813124  0.02016951  0.01169126  0.00557809  0.01369905  0.00990082
  0.01450845  0.00405705  0.01445101  0.01970263  0.0114591   0.02426981
  0.02651663  0.0142661   0.00608831  0.01021033  0.00644077  0.02481618
  0.00865387  0.0075588   0.01062977  0.01195154  0.01360484  0.01233955
  0.00864     0.0165518   0.01030428  0.00798933  0.00836365  0.00624235
  0.01108272  0.01365552  0.01273505  0.01502338  0.017561    0.01631992
  0.01183727  0.01437233  0.00061401  0.00661193  0.01098246  0.01542552
  0.01004397  0.0192232   0.01193774  0.01553135  0.00643724  0.00695116
  0.01081566  0.01141465  0.00302761  0.02205769  0.01094355  0.01977319
  0.01448868  0.01061461  0.01740973  0.01836806  0.01374315  0.01238441
  0.00823243  0.01634544  0.02476214  0.01804596  0.0083709   0.01368736
  0.00676139  0.00700564  0.01095677  0.00792851  0.00789478  0.01443445
  0.00693782  0.01144067  0.00931575  0.01427738  0.02723261  0.01606534
  0.00824383  0.00952204  0.0161012   0.01393068  0.00910859  0.01858043
  0.008231    0.01448509  0.01546077  0.00846189  0.00654559  0.00485483
  0.01170088  0.01102605  0.0096872   0.01266508  0.01176842  0.00986002
  0.00395473  0.01786843  0.01451469  0.01338271  0.01535698  0.01750242]",2,854,2,0,Optimization terminated successfully,True
